Sr No,Package ID,Category,Source File,Package Name,Detail Page Title,Current Source Price,Final Price,Notes
1,allergy-packages::allergy-panel-drug,ALLERGY PACKAGES,ALLERGY PACKAGES.json,ALLERGY PANEL - DRUG,Allergy Panel - Drug | 22 Tests @ Rs.2060 | Thyrocare,₹ 2370,,
2,allergy-packages::allergy-panel-inhalant,ALLERGY PACKAGES,ALLERGY PACKAGES.json,ALLERGY PANEL - INHALANT,Allergy Panel Inhalant | 103 Tests @ Rs.1580 | Thyrocare,₹ 2491,,
3,allergy-packages::allergy-panel-non-veg,ALLERGY PACKAGES,ALLERGY PACKAGES.json,ALLERGY PANEL - NON-VEG,Allergy Panel - Non-Veg | 8 Tests @ Rs.1240 | Thyrocare,₹ 1304,,
4,allergy-packages::allergy-vegetable-panel-3-by-phadia,ALLERGY PACKAGES,ALLERGY PACKAGES.json,ALLERGY VEGETABLE PANEL 3 (BY PHADIA),Allergy Vegetable Panel 3 by Phadia | Thyrocare,₹ 4800 | ₹ 3200,,Source contains multiple price values
5,allergy-packages::allergy-vegetable-panel-2-by-phadia,ALLERGY PACKAGES,ALLERGY PACKAGES.json,ALLERGY VEGETABLE PANEL 2 (BY PHADIA),Allergy Vegetable Panel 2 by Phadia | Thyrocare,₹ 4800 | ₹ 3200,,Source contains multiple price values
6,allergy-packages::allergy-non-vegetarian-panel-2-by-phadia,ALLERGY PACKAGES,ALLERGY PACKAGES.json,ALLERGY NON-VEGETARIAN PANEL 2 (BY PHADIA),Allergy Non Vegetarian Panel 2 by Phadia | Thyrocare,₹ 7050 | ₹ 4700,,Source contains multiple price values
7,allergy-packages::allergy-dust-panel-by-phadia,ALLERGY PACKAGES,ALLERGY PACKAGES.json,ALLERGY DUST PANEL (BY PHADIA),Allergy Dust Panel by Phadia | Thyrocare,₹ 4875 | ₹ 3250,,Source contains multiple price values
8,allergy-packages::allergy-nut-panel-by-phadia,ALLERGY PACKAGES,ALLERGY PACKAGES.json,ALLERGY NUT PANEL (BY PHADIA),Allergy Nut Panel by Phadia | Thyrocare,₹ 6900 | ₹ 4600,,Source contains multiple price values
9,allergy-packages::allergy-animal-panel-by-phadia,ALLERGY PACKAGES,ALLERGY PACKAGES.json,ALLERGY ANIMAL PANEL (BY PHADIA),Allergy Animal Panel by Phadia | Thyrocare,₹ 4875 | ₹ 3250,,Source contains multiple price values
10,allergy-packages::allergy-fruit-panel-2-by-phadia,ALLERGY PACKAGES,ALLERGY PACKAGES.json,ALLERGY FRUIT PANEL 2 (BY PHADIA),Allergy Fruit Panel 2 by Phadia | Thyrocare,₹ 3500 | ₹ 2999,,Source contains multiple price values
11,allergy-packages::allergy-non-vegetarian-panel-1-by-phadia,ALLERGY PACKAGES,ALLERGY PACKAGES.json,ALLERGY NON-VEGETARIAN PANEL 1 (BY PHADIA),Allergy Non Vegetarian Panel 1 by Phadia | Thyrocare,₹ 4700 | ₹ 3999,,Source contains multiple price values
12,allergy-packages::allergy-asthma-rhinitis-screening-by-phadia,ALLERGY PACKAGES,ALLERGY PACKAGES.json,ALLERGY ASTHMA / RHINITIS SCREENING (BY PHADIA),Allergy Asthma Rhinitis Screening by Phadia | Thyrocare,₹ 6450 | ₹ 5099,,Source contains multiple price values
13,allergy-packages::allergy-fruit-panel-1-by-phadia,ALLERGY PACKAGES,ALLERGY PACKAGES.json,ALLERGY FRUIT PANEL 1 (BY PHADIA),Allergy Fruit Panel 1 by Phadia | Thyrocare,₹ 3500 | ₹ 2999,,Source contains multiple price values
14,allergy-packages::allergy-eczema-screening-panel-by-phadia,ALLERGY PACKAGES,ALLERGY PACKAGES.json,ALLERGY ECZEMA SCREENING PANEL (BY PHADIA),Allergy Eczema Screening Panel by Phadia | Thyrocare,₹ 5998 | ₹ 3999,,Source contains multiple price values
15,allergy-packages::allergy-comprehensive-profile-by-phadia,ALLERGY PACKAGES,ALLERGY PACKAGES.json,ALLERGY COMPREHENSIVE PROFILE (BY PHADIA),Allergy Comprehensive Profile By Phadia | 31 Tests @ Rs. 14000 | Thyrocare,₹ 14000,,
16,allergy-packages::allergy-vegetable-panel-1-by-phadia,ALLERGY PACKAGES,ALLERGY PACKAGES.json,ALLERGY VEGETABLE PANEL 1 (BY PHADIA),Allergy Vegetable Panel 1 By Phadia | 5 Tests @ Rs. 3300 | Thyrocare,₹ 3300,,
17,allergy-packages::allergy-drug-panel-by-elisa,ALLERGY PACKAGES,ALLERGY PACKAGES.json,ALLERGY DRUG PANEL (BY ELISA),,₹ 5720,,
18,allergy-packages::allergy-non-veg-food-panel-by-elisa,ALLERGY PACKAGES,ALLERGY PACKAGES.json,ALLERGY NON VEG FOOD PANEL (BY ELISA),,₹ 3630,,
19,allergy-packages::allergy-pollen-panel-by-phadia,ALLERGY PACKAGES,ALLERGY PACKAGES.json,ALLERGY POLLEN PANEL (BY PHADIA),,₹ 6000,,
20,allergy-packages::allergy-inhalant-panel-by-elisa,ALLERGY PACKAGES,ALLERGY PACKAGES.json,ALLERGY INHALANT PANEL (BY ELISA),Allergy Inhalant Panel By ELISA | 34 Tests @ Rs. 4730 | Thyrocare,₹ 4730,,
21,allergy-packages::allergy-veg-food-panel-by-elisa,ALLERGY PACKAGES,ALLERGY PACKAGES.json,ALLERGY VEG FOOD PANEL (BY ELISA),,₹ 6160,,
22,allergy-packages::allergy-inhalant-comprehensive-package-by-phadia,ALLERGY PACKAGES,ALLERGY PACKAGES.json,ALLERGY INHALANT COMPREHENSIVE PACKAGE (BY PHADIA),Allergy Inhalant Comprehensive Package By Phadia| 18 Tests @ Rs. 10999 | Thyrocare,₹ 10999,,
23,allergy-packages::allergy-comprehensive-panel-by-elisa,ALLERGY PACKAGES,ALLERGY PACKAGES.json,ALLERGY COMPREHENSIVE PANEL (BY ELISA),,₹ 12300,,
24,allergy-packages::allergy-panel-veg-food-and-drug-by-elisa,ALLERGY PACKAGES,ALLERGY PACKAGES.json,ALLERGY PANEL VEG FOOD AND DRUG (BY ELISA),,₹ 9000,,
25,allergy-packages::allergy-panel-veg-food-and-inhalant-by-elisa,ALLERGY PACKAGES,ALLERGY PACKAGES.json,ALLERGY PANEL VEG FOOD AND INHALANT (BY ELISA),,₹ 8000,,
26,allergy-packages::allergy-panel-veg-food-inhalant-and-drug-by-elisa,ALLERGY PACKAGES,ALLERGY PACKAGES.json,ALLERGY PANEL VEG FOOD INHALANT AND DRUG (BY ELISA),,₹ 10000,,
27,allergy-packages::allergy-panel-veg-food-nonveg-food-and-inhalant-by-elisa,ALLERGY PACKAGES,ALLERGY PACKAGES.json,ALLERGY PANEL VEG FOOD NONVEG FOOD AND INHALANT (BY ELISA),,₹ 10000,,
28,allergy-packages::allergy-panel-veg-food-and-nonveg-by-elisa,ALLERGY PACKAGES,ALLERGY PACKAGES.json,ALLERGY PANEL VEG FOOD AND NONVEG (BY ELISA),,₹ 8000,,
29,allergy-packages::allergy-inhalant-advanced-package-by-phadia,ALLERGY PACKAGES,ALLERGY PACKAGES.json,ALLERGY INHALANT ADVANCED PACKAGE (BY PHADIA),Allergy Inhalant Advanced Package By Phadia | 7 Tests @ Rs. 5999 | Thyrocare,₹ 5999,,
30,anemia-profile-test::anemia-profile-basic,ANEMIA PROFILE TEST,ANEMIA PROFILE TEST.json,ANEMIA PROFILE - BASIC,Anemia Profile Basic | 69 Tests @ Rs. 2600 | Thyrocare,₹ 2969 | ₹ 2600,,Source contains multiple price values
31,anemia-profile-test::anemia-profile-advanced,ANEMIA PROFILE TEST,ANEMIA PROFILE TEST.json,ANEMIA PROFILE ADVANCED,Anemia Profile Advanced | 102 Tests @ Rs. 3599 | Thyrocare,₹ 4509 | ₹ 3599,,Source contains multiple price values
32,anemia-profile-test::jaanch-anemia-profile-basic,ANEMIA PROFILE TEST,ANEMIA PROFILE TEST.json,JAANCH ANEMIA PROFILE BASIC,Jaanch Anemia Profile Basic | Thyrocare,₹ 3524 | ₹ 2356,,Source contains multiple price values
33,anemia-profile-test::jaanch-anemia-profile-advanced,ANEMIA PROFILE TEST,ANEMIA PROFILE TEST.json,JAANCH ANEMIA PROFILE ADVANCED,Jaanch Anemia Profile Advanced | Thyrocare,₹ 6456 | ₹ 4304,,Source contains multiple price values
34,arthritis-profile-packages::arthritis-profile-basic,ARTHRITIS PROFILE PACKAGES,ARTHRITIS PROFILE PACKAGES.json,ARTHRITIS PROFILE BASIC,Arthritis Profile Basic 63 Tests @ Rs 2299 | Thyrocare,₹ 2948 | ₹ 2299,,Source contains multiple price values
35,arthritis-profile-packages::bone-profile-basic,ARTHRITIS PROFILE PACKAGES,ARTHRITIS PROFILE PACKAGES.json,BONE PROFILE BASIC,Bone Profile Basic | 6 Tests @ Rs. 2099 | Thyrocare,₹ 2497 | ₹ 1949,,Source contains multiple price values
36,arthritis-profile-packages::bone-profile-advanced,ARTHRITIS PROFILE PACKAGES,ARTHRITIS PROFILE PACKAGES.json,BONE PROFILE ADVANCED,Bone Profile Advanced | 13 Tests @ Rs. 2599 | Thyrocare,₹ 3630 | ₹ 2599,,Source contains multiple price values
37,arthritis-profile-packages::arthritis-profile-advanced,ARTHRITIS PROFILE PACKAGES,ARTHRITIS PROFILE PACKAGES.json,ARTHRITIS PROFILE ADVANCED,Arthritis Profile Advanced 73 Tests @ Rs 3499 | Thyrocare,₹ 4532 | ₹ 3499,,Source contains multiple price values
38,arthritis-profile-packages::arthritis-profile-with-utsh,ARTHRITIS PROFILE PACKAGES,ARTHRITIS PROFILE PACKAGES.json,ARTHRITIS PROFILE WITH UTSH,Book Arthritis Profile 59 Tests @ Rs. 4000 | Thyrocare,₹ 5499 | ₹ 4000,,Source contains multiple price values
39,arthritis-profile-packages::jaanch-bone-and-muscle-health,ARTHRITIS PROFILE PACKAGES,ARTHRITIS PROFILE PACKAGES.json,JAANCH BONE AND MUSCLE HEALTH,Jaanch Bone And Muscle Health | 41 Tests @ Rs. 1899 | Thyrocare,₹ 1999 | ₹ 1899,,Source contains multiple price values
40,arthritis-profile-packages::arthritis-profile-a,ARTHRITIS PROFILE PACKAGES,ARTHRITIS PROFILE PACKAGES.json,ARTHRITIS PROFILE A,Arthritis Profile A 73 Tests @ Rs 2899 | Thyrocare,₹ 3409 | ₹ 2899,,Source contains multiple price values
41,arthritis-profile-packages::arthritis-profile-b,ARTHRITIS PROFILE PACKAGES,ARTHRITIS PROFILE PACKAGES.json,ARTHRITIS PROFILE B,Arthritis Profile B 79 Tests @ Rs 4399 | Thyrocare,₹ 5114 | ₹ 4399,,Source contains multiple price values
42,arthritis-profile-packages::arthritis-profile-m-with-utsh,ARTHRITIS PROFILE PACKAGES,ARTHRITIS PROFILE PACKAGES.json,ARTHRITIS PROFILE M WITH UTSH,Arthritis Profile M with UTSH | Thyrocare,₹ 3298 | ₹ 2199,,Source contains multiple price values
43,bad-obstetric-history-panel::bad-obstetric-history-max-boh-max,BAD OBSTETRIC HISTORY PANEL,BAD OBSTETRIC HISTORY PANEL.json,BAD OBSTETRIC HISTORY MAX (BOH MAX),Bad Obstetric History Max (BOH MAX) | 19 Tests @ Rs. 3999 | Thyrocare,₹ 5150 | ₹ 3999,,Source contains multiple price values
44,bad-obstetric-history-panel::bad-obstetric-history-mini-boh-mini,BAD OBSTETRIC HISTORY PANEL,BAD OBSTETRIC HISTORY PANEL.json,BAD OBSTETRIC HISTORY MINI (BOH MINI),Bad Obstetric History Mini (BOH MINI) | 17 Tests @ Rs. 2799 | Thyrocare,₹ 3610 | ₹ 2799,,Source contains multiple price values
45,cancer-screening-test::jaanch-cancer-screening-male-advanced,CANCER SCREENING TEST,CANCER SCREENING TEST.json,JAANCH CANCER SCREENING MALE ADVANCED,Jaanch Cancer Screening Male Advanced | 35 Tests @ Rs.1999 | Thyrocare,₹ 1999,,
46,cancer-screening-test::jaanch-cancer-screening-male-basic,CANCER SCREENING TEST,CANCER SCREENING TEST.json,JAANCH CANCER SCREENING MALE BASIC,Jaanch Cancer Screening Male Basic | 3 Tests @ Rs.1299 | Thyrocare,₹ 1299,,
47,cancer-screening-test::jaanch-cancer-screening-breast-and-ovarian,CANCER SCREENING TEST,CANCER SCREENING TEST.json,JAANCH CANCER SCREENING BREAST AND OVARIAN,Jaanch Cancer Screening Breast And Ovarian | 3 Tests @ Rs.1299 | Thyrocare,₹ 1299,,
48,cancer-screening-test::jaanch-cancer-screening-female-advanced,CANCER SCREENING TEST,CANCER SCREENING TEST.json,JAANCH CANCER SCREENING FEMALE ADVANCED,Jaanch Cancer Screening Female Advanced | 37 Tests @ Rs.3999 | Thyrocare,₹ 3999 | ₹ 3899,,Source contains multiple price values
49,cancer-screening-test::jaanch-cancer-screening-female-basic,CANCER SCREENING TEST,CANCER SCREENING TEST.json,JAANCH CANCER SCREENING FEMALE BASIC,Jaanch Cancer Screening Female Basic | 6 Tests @ Rs.1999 | Thyrocare,₹ 1999,,
50,cancer-screening-test::roma-risk-of-ovarian-malignancy,CANCER SCREENING TEST,CANCER SCREENING TEST.json,ROMA (RISK OF OVARIAN MALIGNANCY),ROMA - Risk Of Ovarian Malignancy | 4 Tests @ Rs. 2399 | Thyrocare,₹ 2838 | ₹ 2399,,Source contains multiple price values
51,cancer-screening-test::women-cancer-screening-advanced,CANCER SCREENING TEST,CANCER SCREENING TEST.json,WOMEN CANCER SCREENING ADVANCED,Women Cancer Screening Advanced | 36 Tests @ Rs. 2749 | Thyrocare,₹ 2749,,
52,cancer-screening-test::women-cancer-screening-package-basic,CANCER SCREENING TEST,CANCER SCREENING TEST.json,WOMEN CANCER SCREENING PACKAGE BASIC,Women Cancer Screening Package Basic | Thyrocare,₹ 4199 | ₹ 2749,,Source contains multiple price values
53,cancer-screening-test::women-cancer-screening-package-advanced,CANCER SCREENING TEST,CANCER SCREENING TEST.json,WOMEN CANCER SCREENING PACKAGE ADVANCED,Women Cancer Screening Package Advanced | Thyrocare,₹ 6798 | ₹ 5999,,Source contains multiple price values
54,cardiac-profile-packages::cardiac-risk-markers-advanced,CARDIAC PROFILE PACKAGES,CARDIAC PROFILE PACKAGES.json,CARDIAC RISK MARKERS ADVANCED,JAANCH - CARDIAC RISK MARKERS ADVANCED | 6 Tests @ Rs. 1599 | Thyrocare,₹ 2000 | ₹ 1599,,Source contains multiple price values
55,cardiac-profile-packages::jaanch-healthy-heart-advanced,CARDIAC PROFILE PACKAGES,CARDIAC PROFILE PACKAGES.json,JAANCH - HEALTHY HEART ADVANCED,Jaanch - Healthy Heart Advanced | 53 Tests @ Rs. 2399 | Thyrocare Advanced Cardiac Risk Profile,₹ 3299 | ₹ 2399,,Source contains multiple price values
56,cardiac-profile-packages::jaanch-healthy-heart-basic,CARDIAC PROFILE PACKAGES,CARDIAC PROFILE PACKAGES.json,JAANCH - HEALTHY HEART BASIC,Jaanch - Healthy Heart Basic | 48 Tests @ Rs. 1399 | Thyrocare Basic Heart Health Test Package,₹ 1649 | ₹ 1399,,Source contains multiple price values
57,cardiac-profile-packages::jaanch-heart-screen-basic,CARDIAC PROFILE PACKAGES,CARDIAC PROFILE PACKAGES.json,JAANCH HEART SCREEN BASIC,Jaanch Heart Screen Basic | 17 Tests @ Rs. 999 | Thyrocare,₹ 1099 | ₹ 999,,Source contains multiple price values
58,cardiac-profile-packages::jaanch-heart-screen-advanced,CARDIAC PROFILE PACKAGES,CARDIAC PROFILE PACKAGES.json,JAANCH HEART SCREEN ADVANCED,Jaanch Heart Screen Advanced | 55 Tests @ Rs. 1399 | Thyrocare,₹ 1499 | ₹ 1399,,Source contains multiple price values
59,cardiac-profile-packages::jaanch-heart-screen-extended,CARDIAC PROFILE PACKAGES,CARDIAC PROFILE PACKAGES.json,JAANCH HEART SCREEN EXTENDED,Jaanch Heart Screen Extended | 72 Tests @ Rs. 2599 | Thyrocare,₹ 2999 | ₹ 2599,,Source contains multiple price values
60,cardiac-profile-packages::comprehensive-heart-health-checkup,CARDIAC PROFILE PACKAGES,CARDIAC PROFILE PACKAGES.json,COMPREHENSIVE HEART HEALTH CHECKUP,Comprehensive Heart Health Checkup | Thyrocare,₹ 2364 | ₹ 1999,,Source contains multiple price values
61,child-health-checkup::children-health-checkup,CHILD HEALTH CHECKUP,CHILD HEALTH CHECKUP.json,CHILDREN HEALTH CHECKUP,Thyrocare Children Health Checkup @ Rs.2149 | Kids Blood Test,₹ 4000 | ₹ 2149,,Source contains multiple price values
62,detox-and-lifestyle-impact::paleo-profile-basic,DETOX AND LIFESTYLE IMPACT,DETOX AND LIFESTYLE IMPACT.json,PALEO PROFILE BASIC,Paleo Profile Basic | 95 Tests @ Rs. 2599 | Thyrocare,₹ 2969 | ₹ 2599,,Source contains multiple price values
63,detox-and-lifestyle-impact::paleo-profile-advanced,DETOX AND LIFESTYLE IMPACT,DETOX AND LIFESTYLE IMPACT.json,PALEO PROFILE ADVANCED,Paleo Profile Advanced | 107 Tests @ Rs. 3899 | Thyrocare,₹ 4509 | ₹ 3899,,Source contains multiple price values
64,detox-and-lifestyle-impact::smokers-panel-basic,DETOX AND LIFESTYLE IMPACT,DETOX AND LIFESTYLE IMPACT.json,SMOKERS PANEL BASIC,Aarogyam Smokers Panel Basic | 8 Tests @ Rs. 2000 | Bookmytest,₹ 2200 | ₹ 2000,,Source contains multiple price values
65,detox-and-lifestyle-impact::smokers-panel-advanced,DETOX AND LIFESTYLE IMPACT,DETOX AND LIFESTYLE IMPACT.json,SMOKERS PANEL ADVANCED,Aarogyam Smokers Panel Advanced | 42 Tests @ Rs. 3000 | Bookmytest,₹ 3500 | ₹ 3000,,Source contains multiple price values
66,detox-and-lifestyle-impact::detox-diet-impact-checkup,DETOX AND LIFESTYLE IMPACT,DETOX AND LIFESTYLE IMPACT.json,DETOX DIET IMPACT CHECKUP,Detox Diet Impact Checkup | 116 Tests @ 1999 | Thyrocare,₹ 2500 | ₹ 1999,,Source contains multiple price values
67,detox-and-lifestyle-impact::pollution-impact-advanced,DETOX AND LIFESTYLE IMPACT,DETOX AND LIFESTYLE IMPACT.json,POLLUTION IMPACT ADVANCED,Pollution Impact Advanced Package | 94 Tests @ Rs.2599 | Thyrocare,₹ 3058 | ₹ 2599,,Source contains multiple price values
68,detox-and-lifestyle-impact::pollution-impact-basic,DETOX AND LIFESTYLE IMPACT,DETOX AND LIFESTYLE IMPACT.json,POLLUTION IMPACT BASIC,Pollution Impact Basic | 51 Tests @ Rs. 1999 | Thyrocare,₹ 2035 | ₹ 1999,,Source contains multiple price values
69,diabetes-checkup-packages::diabetic-profile-basic,DIABETES CHECKUP PACKAGES,DIABETES CHECKUP PACKAGES.json,DIABETIC PROFILE BASIC,Diabetic Profile Basic 52 Tests @ Rs. 2149 | Thyrocare,₹ 2199 | ₹ 2099,,Source contains multiple price values
70,diabetes-checkup-packages::jaanch-diabetic-profile-advanced,DIABETES CHECKUP PACKAGES,DIABETES CHECKUP PACKAGES.json,JAANCH - DIABETIC PROFILE ADVANCED,JAANCH Diabetic Profile Advanced | 66 Tests @ Rs. 3899 | Thyrocare,₹ 4949 | ₹ 3899,,Source contains multiple price values
71,diabetes-checkup-packages::jaanch-diabetic-profile-basic,DIABETES CHECKUP PACKAGES,DIABETES CHECKUP PACKAGES.json,JAANCH - DIABETIC PROFILE BASIC,Jaanch Diabetic Profile Basic | 52 Tests @ Rs. 2149 | Thyrocare,₹ 2199 | ₹ 2099,,Source contains multiple price values
72,diabetes-checkup-packages::jaanch-hypertension-package,DIABETES CHECKUP PACKAGES,DIABETES CHECKUP PACKAGES.json,JAANCH HYPERTENSION PACKAGE,,₹ 3999 | ₹ 3599,,Source contains multiple price values
73,diabetes-checkup-packages::jaanch-diabetes-comprehensive,DIABETES CHECKUP PACKAGES,DIABETES CHECKUP PACKAGES.json,JAANCH DIABETES COMPREHENSIVE,,₹ 3499 | ₹ 2699,,Source contains multiple price values
74,diabetes-checkup-packages::jaanch-diabetes-advanced,DIABETES CHECKUP PACKAGES,DIABETES CHECKUP PACKAGES.json,JAANCH DIABETES ADVANCED,,₹ 2799 | ₹ 1799,,Source contains multiple price values
75,diabetes-checkup-packages::jaanch-diabetic-screen,DIABETES CHECKUP PACKAGES,DIABETES CHECKUP PACKAGES.json,JAANCH - DIABETIC SCREEN,Jaanch - Diabetic Screen | 48 Tests @ Rs.1319 | Thyrocare,₹ 2999 | ₹ 1319,,Source contains multiple price values
76,diabetes-checkup-packages::diabetes-care-package,DIABETES CHECKUP PACKAGES,DIABETES CHECKUP PACKAGES.json,DIABETES CARE PACKAGE,Diabetes Care Package | 102 Tests @ Rs. 3399 | Thyrocare,₹ 3399,,
77,diabetes-checkup-packages::diabetic-panel-2,DIABETES CHECKUP PACKAGES,DIABETES CHECKUP PACKAGES.json,DIABETIC PANEL 2,Diabetic Panel 2 | 98 Tests @ Rs. 3199 | Thyrocare,₹ 7700 | ₹ 3199,,Source contains multiple price values
78,diabetes-checkup-packages::diabetic-panel-1,DIABETES CHECKUP PACKAGES,DIABETES CHECKUP PACKAGES.json,DIABETIC PANEL 1,Diabetic Panel 1 | 97 Tests @ Rs. 2499 | Thyrocare,₹ 3749 | ₹ 2499,,Source contains multiple price values
79,diabetes-checkup-packages::diabetic-profile-advanced,DIABETES CHECKUP PACKAGES,DIABETES CHECKUP PACKAGES.json,DIABETIC PROFILE ADVANCED,,₹ 5290,,
80,drug-and-toxicology-screening::drug-panel-9,DRUG AND TOXICOLOGY SCREENING,DRUG AND TOXICOLOGY SCREENING.json,DRUG PANEL 9,Drug Panel 9 | 9 Tests @ Rs. 1539 | Thyrocare Health Package,₹ 1750 | ₹ 1539,,Source contains multiple price values
81,drug-and-toxicology-screening::drug-panel-7,DRUG AND TOXICOLOGY SCREENING,DRUG AND TOXICOLOGY SCREENING.json,DRUG PANEL 7,Drug Panel 7 | 7 Tests @ Rs. 1219 | Thyrocare Health Package,₹ 1390 | ₹ 1219,,Source contains multiple price values
82,drug-and-toxicology-screening::drug-panel-6,DRUG AND TOXICOLOGY SCREENING,DRUG AND TOXICOLOGY SCREENING.json,DRUG PANEL 6,Drug Panel 6 Package | 6 Tests @ Rs. 1035 | Thyrocare,₹ 1298 | ₹ 1035,,Source contains multiple price values
83,drug-and-toxicology-screening::drug-panel-8,DRUG AND TOXICOLOGY SCREENING,DRUG AND TOXICOLOGY SCREENING.json,DRUG PANEL 8,Drug Panel 8 Package | 8 Tests @ Rs. 1349 | Thyrocare,₹ 1705 | ₹ 1349,,Source contains multiple price values
84,drug-and-toxicology-screening::drug-panel-4,DRUG AND TOXICOLOGY SCREENING,DRUG AND TOXICOLOGY SCREENING.json,DRUG PANEL 4,Drug Panel 4 Package | 4 Tests @ Rs. 847 | Thyrocare,₹ 847,,
85,drug-and-toxicology-screening::drug-panel-10,DRUG AND TOXICOLOGY SCREENING,DRUG AND TOXICOLOGY SCREENING.json,DRUG PANEL 10,Drug Panel 10 Package | 10 Tests @ Rs. 1719 | Thyrocare,₹ 2156 | ₹ 1719,,Source contains multiple price values
86,drug-and-toxicology-screening::drug-panel-5,DRUG AND TOXICOLOGY SCREENING,DRUG AND TOXICOLOGY SCREENING.json,DRUG PANEL 5,Drug Panel 5 Package | 5 Tests @ Rs. 1078 | Thyrocare,₹ 1078,,
87,drug-and-toxicology-screening::drug-panel-2,DRUG AND TOXICOLOGY SCREENING,DRUG AND TOXICOLOGY SCREENING.json,DRUG PANEL 2,Drug Panel 2 Package | 2 Tests @ Rs. 506 | Thyrocare,₹ 506,,
88,drug-and-toxicology-screening::doa-panel-6,DRUG AND TOXICOLOGY SCREENING,DRUG AND TOXICOLOGY SCREENING.json,DOA PANEL-6,"Book the DOA Panel 6 by Thyrocare for accurate screening of commonly abused drugs using reliable testing methods to support medical, legal and occupational requirements.",₹ 1349 | ₹ 902,,Source contains multiple price values
89,employee-health-checkup::employee-health-check-advanced-male,EMPLOYEE HEALTH CHECKUP,EMPLOYEE HEALTH CHECKUP.json,EMPLOYEE HEALTH CHECK - ADVANCED (MALE),Employee Health Check Advanced Male | 77 Tests @ Rs. 1099 | Thyrocare,₹ 1099,,
90,employee-health-checkup::employee-health-check-basic-male,EMPLOYEE HEALTH CHECKUP,EMPLOYEE HEALTH CHECKUP.json,EMPLOYEE HEALTH CHECK - BASIC (MALE),Employee Health Check Basic Male | 51Tests @ Rs. 849 | Thyrocare,₹ 849,,
91,employee-health-checkup::employee-health-check-comprehensive,EMPLOYEE HEALTH CHECKUP,EMPLOYEE HEALTH CHECKUP.json,EMPLOYEE HEALTH CHECK - COMPREHENSIVE,Employee Health Check Comprehensive @ Rs. 1299 | Thyrocare,₹ 1299,,
92,employee-health-checkup::employee-health-check-advanced,EMPLOYEE HEALTH CHECKUP,EMPLOYEE HEALTH CHECKUP.json,EMPLOYEE HEALTH CHECK - ADVANCED,Employee Health Check Advanced | 76 Tests @ Rs. 999 | Thyrocare,₹ 999,,
93,employee-health-checkup::employee-health-check-basic,EMPLOYEE HEALTH CHECKUP,EMPLOYEE HEALTH CHECKUP.json,EMPLOYEE HEALTH CHECK - BASIC,,₹ 749,,
94,female-infertility-packages::infertility-profile-basic,FEMALE INFERTILITY PACKAGES,FEMALE INFERTILITY PACKAGES.json,INFERTILITY PROFILE BASIC,Infertility Profile Basic | 7 Tests @ Rs. 1659 | Thyrocare,₹ 2199 | ₹ 1659,,Source contains multiple price values
95,female-infertility-packages::infertility-profile-advanced,FEMALE INFERTILITY PACKAGES,FEMALE INFERTILITY PACKAGES.json,INFERTILITY PROFILE ADVANCED,Infertility Profile Advanced | 21 Tests @ Rs. 3859 | Thyrocare,₹ 4949 | ₹ 3859,,Source contains multiple price values
96,female-infertility-packages::jaanch-infertility-profile-extended,FEMALE INFERTILITY PACKAGES,FEMALE INFERTILITY PACKAGES.json,JAANCH - INFERTILITY PROFILE EXTENDED,Jaanch - Infertility Profile Extended | 29 Tests @ Rs. 4399 | Thyrocare Extended Infertility Test Package,₹ 5104 | ₹ 4399,,Source contains multiple price values
97,female-infertility-packages::jaanch-infertility-profile-advanced,FEMALE INFERTILITY PACKAGES,FEMALE INFERTILITY PACKAGES.json,JAANCH - INFERTILITY PROFILE ADVANCED,Jaanch Infertility Profile Advanced Price Rs. 3859 | Thyrocare,₹ 4949 | ₹ 3859,,Source contains multiple price values
98,female-infertility-packages::jaanch-infertility-profile-basic,FEMALE INFERTILITY PACKAGES,FEMALE INFERTILITY PACKAGES.json,JAANCH - INFERTILITY PROFILE BASIC,Jaanch - Infertility Profile Basic | 7 Tests @ Rs. 1659 | Thyrocare Basic Fertility Hormone Test,₹ 2199 | ₹ 1659,,Source contains multiple price values
99,female-infertility-packages::amh-advanced-profile,FEMALE INFERTILITY PACKAGES,FEMALE INFERTILITY PACKAGES.json,AMH ADVANCED PROFILE,AMH Advanced Profile | 6 Tests @ Rs. 2699 | Thyrocare,₹ 3366 | ₹ 2699,,Source contains multiple price values
100,female-infertility-packages::infertility-extended,FEMALE INFERTILITY PACKAGES,FEMALE INFERTILITY PACKAGES.json,INFERTILITY - EXTENDED,Infertility Extended | Thyrocare,₹ 5104 | ₹ 4599,,Source contains multiple price values
101,fever-profile-test::fever-profile,FEVER PROFILE TEST,FEVER PROFILE TEST.json,FEVER PROFILE,Fever Profile | 32 Tests @ Rs. 780 | Thyrocare,₹ 1000 | ₹ 780,,Source contains multiple price values
102,fever-profile-test::jaanch-winter-fever-panel-basic,FEVER PROFILE TEST,FEVER PROFILE TEST.json,JAANCH - WINTER FEVER PANEL BASIC,Jaanch - Winter Fever Panel Basic | 37 Tests @ Rs. 2530 | Thyrocare Winter Fever Test at Home,₹ 5500 | ₹ 2530,,Source contains multiple price values
103,fever-profile-test::jaanch-winter-fever-panel-advanced,FEVER PROFILE TEST,FEVER PROFILE TEST.json,Jaanch - Winter Fever Panel Advanced,Jaanch - Winter Fever Panel Advanced | 39 Tests @ Rs. 2399 | Thyrocare Advanced Winter Fever Test,₹ 2499 | ₹ 2399,,Source contains multiple price values
104,fever-profile-test::jaanch-winter-fever-panel-advanced-including-influenza,FEVER PROFILE TEST,FEVER PROFILE TEST.json,Jaanch - Winter Fever Panel Advanced Including Influenza,Jaanch - Winter Fever Panel Advanced Including Influenza | 42 Tests @ Rs. 4899 | Thyrocare Advanced Winter Fever Test,₹ 4999 | ₹ 4899,,Source contains multiple price values
105,fever-profile-test::fever-panel-basic,FEVER PROFILE TEST,FEVER PROFILE TEST.json,FEVER PANEL - BASIC,Fever Panel Basic | 37 Tests @ Rs. 1499 | Thyrocare,₹ 2000 | ₹ 1499,,Source contains multiple price values
106,fever-profile-test::fever-panel-advanced,FEVER PROFILE TEST,FEVER PROFILE TEST.json,FEVER PANEL - ADVANCED,Thyrocare Fever Panel Advanced | 40 Tests @ Rs. 2050,₹ 2500 | ₹ 2050,,Source contains multiple price values
107,fever-profile-test::jaanch-monsoon-fever-panel-advanced,FEVER PROFILE TEST,FEVER PROFILE TEST.json,JAANCH MONSOON FEVER PANEL ADVANCED,Jaanch Monsoon Fever Panel Advanced Price Rs. 1899 | Thyrocare,₹ 2499 | ₹ 1899,,Source contains multiple price values
108,fever-profile-test::jaanch-monsoon-fever-panel-advanced-including-influenza,FEVER PROFILE TEST,FEVER PROFILE TEST.json,JAANCH MONSOON FEVER PANEL ADVANCED (INCLUDING INFLUENZA),Jaanch Monsoon Fever Panel Advanced | 44 @ Rs. 4299 | Thyrocare,₹ 5499 | ₹ 4199,,Source contains multiple price values
109,fever-profile-test::jaanch-monsoon-fever-panel-basic,FEVER PROFILE TEST,FEVER PROFILE TEST.json,JAANCH MONSOON FEVER PANEL BASIC,Jaanch Monsoon Fever Panel Basic | 39 Tests @ Rs. 1599 | Thyrocare,₹ 2089 | ₹ 1599,,Source contains multiple price values
110,fever-profile-test::jaanch-dengue-profile,FEVER PROFILE TEST,FEVER PROFILE TEST.json,JAANCH DENGUE PROFILE,,₹ 2799 | ₹ 1799,,Source contains multiple price values
111,fever-profile-test::viral-marker,FEVER PROFILE TEST,FEVER PROFILE TEST.json,VIRAL MARKER,Viral Marker | 3 Tests @ Rs.1299 | Thyrocare,₹ 1299,,
112,fever-profile-test::jaanch-winter-fever-panel-advanced-rapid,FEVER PROFILE TEST,FEVER PROFILE TEST.json,JAANCH WINTER FEVER PANEL ADVANCED RAPID,Jaanch Winter Fever Panel Advanced Rapid | 40 Tests @ Rs. 1869 | Thyrocare,₹ 1869,,
113,fever-profile-test::fever-panel-advanced-rapid,FEVER PROFILE TEST,FEVER PROFILE TEST.json,FEVER PANEL - ADVANCED (RAPID),Fever Panel Advanced Rapid | Thyrocare,₹ 3300 | ₹ 2200,,Source contains multiple price values
114,fever-profile-test::jaanch-winter-fever-screen-with-urine-analysis,FEVER PROFILE TEST,FEVER PROFILE TEST.json,JAANCH WINTER FEVER SCREEN WITH URINE ANALYSIS,Jaanch Winter Fever Screen with Urine Analysis | Thyrocare,₹ 1594 | ₹ 1056,,Source contains multiple price values
115,fever-profile-test::fever-panel-basic-rapid,FEVER PROFILE TEST,FEVER PROFILE TEST.json,FEVER PANEL - BASIC (RAPID),Fever Panel Basic Rapid | Thyrocare,₹ 2475 | ₹ 1650,,Source contains multiple price values
116,food-allergy-packages::allergy-panel-food-inhalant-plus-non-veg,FOOD ALLERGY PACKAGES,FOOD ALLERGY PACKAGES.json,"ALLERGY PANEL - FOOD, INHALANT PLUS NON-VEG",Allergy Panel Food Inhalant Plus Non veg @ Rs 3450 | Thyrocare,₹ 5291,,
117,food-allergy-packages::allergy-panel-food-plus-drug,FOOD ALLERGY PACKAGES,FOOD ALLERGY PACKAGES.json,ALLERGY PANEL - FOOD PLUS DRUG,Allergy Panel - Food Plus Drug Price Rs. 3920 | Thyrocare,₹ 4888,,
118,food-allergy-packages::allergy-panel-food-inhalant-plus-drug,FOOD ALLERGY PACKAGES,FOOD ALLERGY PACKAGES.json,"ALLERGY PANEL - FOOD, INHALANT PLUS DRUG","Allergy Panel Food, Inhalant Plus Drug Price Rs.4230 | Thyrocare",₹ 6100,,
119,food-allergy-packages::allergy-panel-food-plus-non-veg,FOOD ALLERGY PACKAGES,FOOD ALLERGY PACKAGES.json,ALLERGY PANEL - FOOD PLUS NON-VEG,Allergy Panel - Food Plus Non-Veg | 93 Tests @ Rs.3290 | Thyrocare,₹ 3866,,
120,food-allergy-packages::allergy-panel-food-inhalant-non-veg-plus-drug,FOOD ALLERGY PACKAGES,FOOD ALLERGY PACKAGES.json,"ALLERGY PANEL - FOOD, INHALANT NON-VEG PLUS DRUG",Allergy Panel Food Inhalant Non Veg Plus Drug @ Rs 5150 | Thyrocare,₹ 5279,,
121,food-allergy-packages::allergy-panel-food-plus-inhalant,FOOD ALLERGY PACKAGES,FOOD ALLERGY PACKAGES.json,ALLERGY PANEL - FOOD PLUS INHALANT,Allergy Panel - Food Plus Inhalant | 180 Tests @ Rs.2510 | Thyrocare,₹ 4700,,
122,food-allergy-packages::allergy-panel-food,FOOD ALLERGY PACKAGES,FOOD ALLERGY PACKAGES.json,ALLERGY PANEL FOOD,Allergy Panel Food | 85 Tests @ Rs.2050 | Thyrocare,₹ 3036,,
123,food-allergy-packages::vegeterian-vegan-care-package,FOOD ALLERGY PACKAGES,FOOD ALLERGY PACKAGES.json,VEGETERIAN VEGAN CARE PACKAGE,Vegetarian Vegan Care Package | 72 Tests @ 1799 | Thyrocare,₹ 2200 | ₹ 1799,,Source contains multiple price values
124,food-allergy-packages::allergy-food-panel-1-by-phadia,FOOD ALLERGY PACKAGES,FOOD ALLERGY PACKAGES.json,ALLERGY FOOD PANEL 1 (BY PHADIA),Allergy Food Panel 1 by Phadia | Thyrocare,₹ 9675 | ₹ 4999,,Source contains multiple price values
125,food-allergy-packages::allergy-cerealveg-food-panel-by-phadia,FOOD ALLERGY PACKAGES,FOOD ALLERGY PACKAGES.json,ALLERGY CEREAL/VEG FOOD PANEL (BY PHADIA),Allergy Cereal Veg Food Panel by Phadia | Thyrocare,₹ 6500 | ₹ 5499,,Source contains multiple price values
126,full-body-checkup::aarogyam-basic,FULL BODY CHECKUP,FULL BODY CHECKUP.json,AAROGYAM BASIC,Aarogyam Basic | 66 Tests @ Rs. 949 | Thyrocare Basic Health Package,₹ 1399 | ₹ 1049,,Source contains multiple price values
127,full-body-checkup::executive-full-body-health-checkup,FULL BODY CHECKUP,FULL BODY CHECKUP.json,EXECUTIVE FULL BODY HEALTH CHECKUP,Executive Full Body Checkup 127 Tests @ Rs.1599 | Thyrocare,₹ 2200 | ₹ 1799,,Source contains multiple price values
128,full-body-checkup::complete-health-check-with-vitamins,FULL BODY CHECKUP,FULL BODY CHECKUP.json,COMPLETE HEALTH CHECK WITH VITAMINS,Complete Health Check With Vitamins | 122 Tests @ Rs.1499 I Thyrocare,₹ 6000 | ₹ 1599,,Source contains multiple price values
129,full-body-checkup::advanced-full-body-checkup-with-vitamins,FULL BODY CHECKUP,FULL BODY CHECKUP.json,ADVANCED FULL BODY CHECKUP WITH VITAMINS,Advanced Full Body Checkup With Vitamins | 92 Tests @ Rs. 1549 | Thyrocare,₹ 1949 | ₹ 1549,,Source contains multiple price values
130,full-body-checkup::aarogyam-x,FULL BODY CHECKUP,FULL BODY CHECKUP.json,AAROGYAM X,Aarogyam X | 139 Tests @ Rs. 4500 | Thyrocare Advanced Full Body Checkup,₹ 9000 | ₹ 4500,,Source contains multiple price values
131,full-body-checkup::aarogyam-xl,FULL BODY CHECKUP,FULL BODY CHECKUP.json,AAROGYAM XL,Aarogyam XL | 149 Tests @ Rs. 5299| Thyrocare Advanced Full Body Checkup,₹ 9999 | ₹ 5299,,Source contains multiple price values
132,full-body-checkup::aarogyam-mini,FULL BODY CHECKUP,FULL BODY CHECKUP.json,AAROGYAM MINI,Aarogyam Mini | 78 Tests @ Rs. 999 | Thyrocare,₹ 1299 | ₹ 999,,Source contains multiple price values
133,full-body-checkup::doctor-recommended-full-body-checkup-advanced,FULL BODY CHECKUP,FULL BODY CHECKUP.json,DOCTOR RECOMMENDED FULL BODY CHECKUP ADVANCED,Doctor Recommended Full Body Checkup Advanced | 92 Tests @ Rs. 2399 | Thyrocare,₹ 2580 | ₹ 2399,,Source contains multiple price values
134,full-body-checkup::healthy-2026-package,FULL BODY CHECKUP,FULL BODY CHECKUP.json,HEALTHY 2026 PACKAGE,Healthy 2026 Package – Preventive Health Checkup with 106 Parameters | Thyrocare,₹ 6000 | ₹ 2026,,Source contains multiple price values
135,full-body-checkup::full-body-plus-pcos-test,FULL BODY CHECKUP,FULL BODY CHECKUP.json,FULL BODY PLUS PCOS TEST,,₹ 2229,,
136,full-body-checkup::aivocare-advanced-fullbody-check-up,FULL BODY CHECKUP,FULL BODY CHECKUP.json,AIVOCARE ADVANCED FULLBODY CHECK UP,Aivocare Advanced Full Body Check Up @ Rs.16499 | Thyrocare,₹ 16499,,
137,full-body-checkup::extensive-full-body-health-checkup,FULL BODY CHECKUP,FULL BODY CHECKUP.json,EXTENSIVE FULL BODY HEALTH CHECKUP,Extensive Full Body Health Checkup 127 Tests @ Rs 2699 | Thyrocare,₹ 9000 | ₹ 2899,,Source contains multiple price values
138,full-body-checkup::aarogyam-advanced,FULL BODY CHECKUP,FULL BODY CHECKUP.json,AAROGYAM ADVANCED,Aarogyam Advanced | 78 Tests @ Rs. 1499 | Thyrocare Advanced Health Checkup,₹ 2200 | ₹ 1589,,Source contains multiple price values
139,glp-1-packages::glp-1-package,GLP-1 PACKAGES,GLP-1 PACKAGES.json,GLP 1 PACKAGE,GLP-1 Health Check Package 77 Parameters | Thyrocare,₹ 2799 | ₹ 2239,,Source contains multiple price values
140,glp-1-packages::glp-1-monitoring-package,GLP-1 PACKAGES,GLP-1 PACKAGES.json,GLP 1 MONITORING PACKAGE,GLP-1 Monitoring Package 77 Parameters | Thyrocare,₹ 2799 | ₹ 2239,,Source contains multiple price values
141,glp-1-packages::glp-1-package-with-vitals,GLP-1 PACKAGES,GLP-1 PACKAGES.json,GLP 1 PACKAGE WITH VITALS,GLP-1 Package with Vitals 81 Parameters | Thyrocare,₹ 2999 | ₹ 2399,,Source contains multiple price values
142,glp-1-packages::glp-1-monitoring-with-vitals-package,GLP-1 PACKAGES,GLP-1 PACKAGES.json,GLP 1 MONITORING WITH VITALS PACKAGE,GLP-1 Monitoring with Vitals Package 81 Parameters | Thyrocare,₹ 2999 | ₹ 2399,,Source contains multiple price values
143,gut-food-intolerance::food-intolerance-profile,GUT & FOOD INTOLERANCE,GUT & FOOD INTOLERANCE.json,FOOD INTOLERANCE PROFILE,Food Intolerance Profile 218 Tests @ Rs.6500 | Thyrocare,₹ 10999 | ₹ 6500,,Source contains multiple price values
144,gut-food-intolerance::monsoon-gastro-infection,GUT & FOOD INTOLERANCE,GUT & FOOD INTOLERANCE.json,MONSOON GASTRO INFECTION,Thyrocare Monsoon Gastro Infection Panel | 35 Tests @ Rs. 1174 | Thyrocare,₹ 1474 | ₹ 1174,,Source contains multiple price values
145,gut-food-intolerance::gastro-gut-health-panel,GUT & FOOD INTOLERANCE,GUT & FOOD INTOLERANCE.json,GASTRO / GUT HEALTH PANEL,Gastro / Gut Health Panel | 42 Tests @ Rs. 902 | Thyrocare Digestive Health Check,₹ 902,,
146,gut-food-intolerance::detailed-food-intolerance-with-ige,GUT & FOOD INTOLERANCE,GUT & FOOD INTOLERANCE.json,DETAILED FOOD INTOLERANCE WITH IGE,Food Intolerance Test Profile | 219 Tests @ Rs.6800 | Thyrocare,₹ 6800,,
147,hair-fall-packages::jaanch-womens-hairfall-screening-advanced,HAIR FALL PACKAGES,HAIR FALL PACKAGES.json,JAANCH - WOMENS HAIRFALL SCREENING ADVANCED,Jaanch Womens Hairfall Screening Advanced @ Rs.2629 | Thyrocare,₹ 3299 | ₹ 2629,,Source contains multiple price values
148,hair-fall-packages::jaanch-mens-hairfall-screening-advanced,HAIR FALL PACKAGES,HAIR FALL PACKAGES.json,JAANCH - MENS HAIRFALL SCREENING ADVANCED,Jaanch Mens Hairfall Screening Advanced Price Rs.2629 | Thyrocare,₹ 3299 | ₹ 2629,,Source contains multiple price values
149,hepatitis-profile-packages::hepatitis-b-profile,HEPATITIS PROFILE PACKAGES,HEPATITIS PROFILE PACKAGES.json,HEPATITIS B PROFILE,"H3N2 Plus Influenza Profile | Thyrocare Flu Test with H1N1, A, B & H3N2",₹ 3629 | ₹ 3099,,Source contains multiple price values
150,hepatitis-profile-packages::hepatitis-panel,HEPATITIS PROFILE PACKAGES,HEPATITIS PROFILE PACKAGES.json,HEPATITIS PANEL,Hepatitis panel | 52 Tests @ 4599 | Thyrocare,₹ 5665 | ₹ 4599,,Source contains multiple price values
151,hepatitis-profile-packages::hepatitis-panel-i,HEPATITIS PROFILE PACKAGES,HEPATITIS PROFILE PACKAGES.json,HEPATITIS PANEL I,Hepatitis Panel I | Thyrocare,₹ 6900 | ₹ 4600,,Source contains multiple price values
152,hormonal-and-metabolic-packages::steroid-profile,HORMONAL AND METABOLIC PACKAGES,HORMONAL AND METABOLIC PACKAGES.json,STEROID PROFILE,Steroid Profile | 14 Tests @ Rs. 2899 | Thyrocare,₹ 3399 | ₹ 2899,,Source contains multiple price values
153,hormonal-and-metabolic-packages::metabolic-profile-basic,HORMONAL AND METABOLIC PACKAGES,HORMONAL AND METABOLIC PACKAGES.json,METABOLIC PROFILE BASIC,Metabolic Profile Basic | 94 Tests @ Rs. 2899 | Thyrocare,₹ 3399 | ₹ 2899,,Source contains multiple price values
154,hormonal-and-metabolic-packages::metabolic-profile-advanced,HORMONAL AND METABOLIC PACKAGES,HORMONAL AND METABOLIC PACKAGES.json,METABOLIC PROFILE ADVANCED,Metabolic Profile Advanced | 108 Tests @ Rs. 3899 | Thyrocare,₹ 4499 | ₹ 3899,,Source contains multiple price values
155,hormonal-and-metabolic-packages::jaanch-nutra360-check,HORMONAL AND METABOLIC PACKAGES,HORMONAL AND METABOLIC PACKAGES.json,JAANCH - NUTRA360 CHECK,Jaanch Nutra360 Check | 77 Tests @ Rs.1899 | Thyrocare,₹ 2399 | ₹ 1899,,Source contains multiple price values
156,hormonal-and-metabolic-packages::hormonal-evaluation,HORMONAL AND METABOLIC PACKAGES,HORMONAL AND METABOLIC PACKAGES.json,HORMONAL EVALUATION,Hormonal Evaluation Profile | 12 Tests @ 2800 | Thyrocare,₹ 2800,,
157,hormonal-and-metabolic-packages::hormone-profile,HORMONAL AND METABOLIC PACKAGES,HORMONAL AND METABOLIC PACKAGES.json,HORMONE PROFILE,Hormone Profile | 8 Tests @ 2350 | Thyrocare,₹ 4350 | ₹ 2350,,Source contains multiple price values
158,hormonal-and-metabolic-packages::steroid-profile-10,HORMONAL AND METABOLIC PACKAGES,HORMONAL AND METABOLIC PACKAGES.json,STEROID PROFILE-10,Steroid Profile-10 | 10 Tests @ Rs. 2550 | Thyrocare Steroid Test Package,₹ 2550,,
159,hormonal-and-metabolic-packages::steroid-profile-9,HORMONAL AND METABOLIC PACKAGES,HORMONAL AND METABOLIC PACKAGES.json,STEROID PROFILE-9,Steroid Profile-9 | 9 Tests @ Rs. 2300 | Thyrocare Steroid Test Package,₹ 2300,,
160,hormonal-and-metabolic-packages::female-hormonal-profile,HORMONAL AND METABOLIC PACKAGES,HORMONAL AND METABOLIC PACKAGES.json,FEMALE HORMONAL PROFILE,,₹ 1900,,
161,immunity-immune-health::jaanch-autoimmune-screening-package,IMMUNITY & IMMUNE HEALTH,IMMUNITY & IMMUNE HEALTH.json,JAANCH AUTOIMMUNE SCREENING PACKAGE,,₹ 2799 | ₹ 1799,,Source contains multiple price values
162,immunity-immune-health::jaanch-autoimmune-advanced-package,IMMUNITY & IMMUNE HEALTH,IMMUNITY & IMMUNE HEALTH.json,JAANCH AUTOIMMUNE ADVANCED PACKAGE,,₹ 5299 | ₹ 3499,,Source contains multiple price values
163,immunity-immune-health::mmr-immunity-profile-igg-igm-antibodies,IMMUNITY & IMMUNE HEALTH,IMMUNITY & IMMUNE HEALTH.json,MMR IMMUNITY PROFILE IGG IGM ANTIBODIES,MMR Immunity Profile (IGG + IGM) | 6 Tests @ Rs.2800 | Thyrocare,₹ 3090 | ₹ 2800,,Source contains multiple price values
164,immunity-immune-health::autoimmune-profile,IMMUNITY & IMMUNE HEALTH,IMMUNITY & IMMUNE HEALTH.json,AUTOIMMUNE PROFILE,Autoimmune Profile | 5 Tests @ Rs. 2800 | Thyrocare,₹ 2999 | ₹ 2800,,Source contains multiple price values
165,immunity-immune-health::jaanch-immunity-health,IMMUNITY & IMMUNE HEALTH,IMMUNITY & IMMUNE HEALTH.json,JAANCH IMMUNITY HEALTH,Jaanch Immunity Health Package | 60 Tests @ Rs. 2399 | Thyrocare,₹ 2499 | ₹ 2399,,Source contains multiple price values
166,immunity-immune-health::immune-function-panel,IMMUNITY & IMMUNE HEALTH,IMMUNITY & IMMUNE HEALTH.json,IMMUNE FUNCTION PANEL,Immune Function Panel | Thyrocare,₹ 2700,,
167,immunity-immune-health::mmr-immunity-profile-igg-antibody,IMMUNITY & IMMUNE HEALTH,IMMUNITY & IMMUNE HEALTH.json,MMR IMMUNITY PROFILE IGG ANTIBODY,MMR Immunity Profile IgG Antibody | Thyrocare,₹ 2325 | ₹ 1550,,Source contains multiple price values
168,immunity-immune-health::nk-cell-cd16cd56-analysis,IMMUNITY & IMMUNE HEALTH,IMMUNITY & IMMUNE HEALTH.json,NK CELL (CD16+CD56) ANALYSIS,NK Cell CD16 CD56 Analysis | Thyrocare,₹ 3399 | ₹ 2266,,Source contains multiple price values
169,immunity-immune-health::jaanch-celiac-disease-screening-panel,IMMUNITY & IMMUNE HEALTH,IMMUNITY & IMMUNE HEALTH.json,JAANCH CELIAC DISEASE SCREENING PANEL,Jaanch Celiac Disease Screening Panel | Thyrocare,₹ 4649 | ₹ 3099,,Source contains multiple price values
170,mens-health-packages::aarogyam-male,MENS HEALTH PACKAGES,MENS HEALTH PACKAGES.json,AAROGYAM MALE,Aarogyam Male | 103 Tests @ 2299/- | Full Body Checkup by Thyrocare,₹ 4000 | ₹ 2299,,Source contains multiple price values
171,mens-health-packages::jaanch-male-infertility-package,MENS HEALTH PACKAGES,MENS HEALTH PACKAGES.json,JAANCH MALE INFERTILITY PACKAGE,,₹ 1230 | ₹ 979,,Source contains multiple price values
172,mens-health-packages::male-hormones-screening-profile,MENS HEALTH PACKAGES,MENS HEALTH PACKAGES.json,MALE HORMONES SCREENING PROFILE,Male Hormones Screening Profile | 6 Tests @ Rs. 3399 | Thyrocare,₹ 3971 | ₹ 3399,,Source contains multiple price values
173,mens-health-packages::aarogyam-mens-panel-with-utsh,MENS HEALTH PACKAGES,MENS HEALTH PACKAGES.json,AAROGYAM MENS PANEL WITH UTSH,Aarogyam Mens Panel With UTSH | 116 Tests @ Rs.3399 | Thyrocare Men’s Health,₹ 3959 | ₹ 3399,,Source contains multiple price values
174,mens-health-packages::wellness-male-package,MENS HEALTH PACKAGES,MENS HEALTH PACKAGES.json,WELLNESS MALE PACKAGE,Wellness Male Package | Thyrocare,₹ 5000 | ₹ 2399,,Source contains multiple price values
175,metropolis-labs-health-checkup-packages::truhealth-mind-body-premium,Metropolis Labs Health Checkup Packages,Metropolis Labs Health Checkup Packages.json,TruHealth Mind & Body - Premium,,₹ 21975 | ₹ 7500,,Source contains multiple price values
176,metropolis-labs-health-checkup-packages::truheart-platinum,Metropolis Labs Health Checkup Packages,Metropolis Labs Health Checkup Packages.json,TRUHEART PLATINUM,TruHeart Platinum Cardiac Risk Profile,₹ 8700 | ₹ 5800,,Source contains multiple price values
177,metropolis-labs-health-checkup-packages::truheart-basic-health-package,Metropolis Labs Health Checkup Packages,Metropolis Labs Health Checkup Packages.json,TRUHEART BASIC HEALTH PACKAGE,TruHeart Basic Health Cardiac Package,₹ 2098 | ₹ 1399,,Source contains multiple price values
178,metropolis-labs-health-checkup-packages::truhealth-gold,Metropolis Labs Health Checkup Packages,Metropolis Labs Health Checkup Packages.json,TRUHEALTH GOLD +,TruHealth Gold+ Comprehensive Health Package,₹ 5250 | ₹ 3500,,Source contains multiple price values
179,metropolis-labs-health-checkup-packages::truhealth-comprehensive-plus,Metropolis Labs Health Checkup Packages,Metropolis Labs Health Checkup Packages.json,TRUHEALTH COMPREHENSIVE PLUS,TruHealth Comprehensive+ Health Package,₹ 3299 | ₹ 2199,,Source contains multiple price values
180,metropolis-labs-health-checkup-packages::truhealth-advance,Metropolis Labs Health Checkup Packages,Metropolis Labs Health Checkup Packages.json,TRUHEALTH ADVANCE,TruHealth Advance Preventive Health Package,₹ 3750 | ₹ 2500,,Source contains multiple price values
181,metropolis-labs-health-checkup-packages::truhealth-basic-plus,Metropolis Labs Health Checkup Packages,Metropolis Labs Health Checkup Packages.json,TRUHEALTH BASIC PLUS,TruHealth Advance Preventive Health Package,₹ 1499 | ₹ 999,,Source contains multiple price values
182,metropolis-labs-health-checkup-packages::truhealth-master-plus,Metropolis Labs Health Checkup Packages,Metropolis Labs Health Checkup Packages.json,TRUHEALTH MASTER PLUS,TruHealth Master Plus Preventive Health Check,₹ 2249 | ₹ 1499,,Source contains multiple price values
183,metropolis-labs-health-checkup-packages::truhealth-screen,Metropolis Labs Health Checkup Packages,Metropolis Labs Health Checkup Packages.json,TRUHEALTH SCREEN,TruHealth Screen Basic Health Check Package,₹ 749 | ₹ 499,,Source contains multiple price values
184,metropolis-labs-health-checkup-packages::truhealth-senior,Metropolis Labs Health Checkup Packages,Metropolis Labs Health Checkup Packages.json,TRUHEALTH SENIOR,TruHealth Senior Preventive Health Package,₹ 6750 | ₹ 5000,,Source contains multiple price values
185,metropolis-labs-health-checkup-packages::truhealth-smart-women,Metropolis Labs Health Checkup Packages,Metropolis Labs Health Checkup Packages.json,TRUHEALTH SMART WOMEN,TruHealth Smart Women Preventive Health Check,₹ 7500 | ₹ 5000,,Source contains multiple price values
186,metropolis-labs-health-checkup-packages::truhealth-heart-advance,Metropolis Labs Health Checkup Packages,Metropolis Labs Health Checkup Packages.json,TRUHEALTH HEART ADVANCE,TruHealth Heart Advance Cardiac Risk Package,₹ 9000 | ₹ 6000,,Source contains multiple price values
187,metropolis-labs-health-checkup-packages::truhealth-heart-basic,Metropolis Labs Health Checkup Packages,Metropolis Labs Health Checkup Packages.json,TRUHEALTH HEART BASIC,TruHealth Heart Basic Cardiac Health Check,₹ 2250 | ₹ 1500,,Source contains multiple price values
188,metropolis-labs-health-checkup-packages::truhealth-plus,Metropolis Labs Health Checkup Packages,Metropolis Labs Health Checkup Packages.json,TRUHEALTH PLUS,TruHealth Plus Preventive Health Package,₹ 4200 | ₹ 2800,,Source contains multiple price values
189,metropolis-labs-health-checkup-packages::truhealth-heart-pro,Metropolis Labs Health Checkup Packages,Metropolis Labs Health Checkup Packages.json,TRUHEALTH HEART PRO,TruHealth Heart Pro Advanced Cardiac Test,₹ 5250 | ₹ 3500,,Source contains multiple price values
190,metropolis-labs-health-checkup-packages::truheart-gold,Metropolis Labs Health Checkup Packages,Metropolis Labs Health Checkup Packages.json,TRUHEART GOLD,TruHeart Gold Advanced Cardiac Risk Package,₹ 3748 | ₹ 2499,,Source contains multiple price values
191,metropolis-labs-health-checkup-packages::truhealth-proactive-female,Metropolis Labs Health Checkup Packages,Metropolis Labs Health Checkup Packages.json,TRUHEALTH PROACTIVE (FEMALE),TruHealth ProActive Female – Advanced Hormone Checkup for Women,₹ 11250 | ₹ 7500,,Source contains multiple price values
192,metropolis-labs-health-checkup-packages::truhealth-proactive-male,Metropolis Labs Health Checkup Packages,Metropolis Labs Health Checkup Packages.json,TRUHEALTH PROACTIVE (MALE),Advanced Male Health Checkup | TruHealth ProActive Male,₹ 11250 | ₹ 7500,,Source contains multiple price values
193,metropolis-labs-health-checkup-packages::truhealth-expert-male,Metropolis Labs Health Checkup Packages,Metropolis Labs Health Checkup Packages.json,TRUHEALTH EXPERT (MALE),TruHealth Body Watch Expert Male 1 Test,₹ 12750 | ₹ 8500,,Source contains multiple price values
194,metropolis-labs-health-checkup-packages::truhealth-expert-female,Metropolis Labs Health Checkup Packages,Metropolis Labs Health Checkup Packages.json,TRUHEALTH EXPERT (FEMALE),,₹ 12750 | ₹ 8500,,Source contains multiple price values
195,metropolis-labs-health-checkup-packages::truhealth-cancer-screen-360-female,Metropolis Labs Health Checkup Packages,Metropolis Labs Health Checkup Packages.json,TRUHEALTH CANCER SCREEN 360 FEMALE,TruHealth Cancer Screen 360 Female | Metropolis,₹ 25000 | ₹ 17000,,Source contains multiple price values
196,metropolis-labs-health-checkup-packages::truhealth-cancer-screen-360-male,Metropolis Labs Health Checkup Packages,Metropolis Labs Health Checkup Packages.json,TRUHEALTH CANCER SCREEN 360 MALE,TruHealth Cancer Screen 360 Male | Metropolis,₹ 25000 | ₹ 17000,,Source contains multiple price values
197,metropolis-mumbai::truhealth-active-male,METROPOLIS MUMBAI,METROPOLIS MUMBAI.json,TRUHEALTH ACTIVE MALE,TruHealth Active Male Full Body Checkup @ Rs. 6500 | Metropolis,₹ 18745 | ₹ 6500,,Source contains multiple price values
198,metropolis-mumbai::truhealth-active-female,METROPOLIS MUMBAI,METROPOLIS MUMBAI.json,TRUHEALTH ACTIVE FEMALE,TruHealth Active Female Full Body Checkup @ 6500/- | Metropolis,₹ 18975 | ₹ 6500,,Source contains multiple price values
199,metropolis-mumbai::truhealth-expert-male,METROPOLIS MUMBAI,METROPOLIS MUMBAI.json,TRUHEALTH EXPERT MALE,TruHealth Body Watch Expert Male 1 Test,₹ 26285 | ₹ 8500,,Source contains multiple price values
200,metropolis-mumbai::truhealth-expert-female,METROPOLIS MUMBAI,METROPOLIS MUMBAI.json,TRUHEALTH EXPERT FEMALE,,₹ 27440 | ₹ 8500,,Source contains multiple price values
201,metropolis-mumbai::truhealth-vital-plus,METROPOLIS MUMBAI,METROPOLIS MUMBAI.json,TRUHEALTH VITAL PLUS,Health checkup TruHealth Vital Plus @ Rs. 5000 | Metropolis,₹ 11455 | ₹ 5000,,Source contains multiple price values
202,metropolis-mumbai::truhealth-vital,METROPOLIS MUMBAI,METROPOLIS MUMBAI.json,TRUHEALTH VITAL,Whole Body Checkup TruHealth Vital @ Rs. 3500 | Metropolis,₹ 9055 | ₹ 3500,,Source contains multiple price values
203,metropolis-mumbai::truhealth-proactive-male,METROPOLIS MUMBAI,METROPOLIS MUMBAI.json,TRUHEALTH PROACTIVE MALE,Advanced Male Health Checkup | TruHealth ProActive Male,₹ 22845 | ₹ 7500,,Source contains multiple price values
204,metropolis-mumbai::truhealth-proactive-female,METROPOLIS MUMBAI,METROPOLIS MUMBAI.json,TRUHEALTH PROACTIVE FEMALE,TruHealth ProActive Female – Advanced Hormone Checkup for Women,₹ 22425 | ₹ 7500,,Source contains multiple price values
205,monsoon-health-packages::influenza-panel-influenza-a-and-b-and-h1n1,MONSOON HEALTH PACKAGES,MONSOON HEALTH PACKAGES.json,INFLUENZA PANEL (INFLUENZA A AND B AND H1N1),Influenza Panel (Influenza A And B And H1N1) @ Rs. 2899 | Thyrocare,₹ 3390 | ₹ 2899,,Source contains multiple price values
206,monsoon-health-packages::h3n2-plus-influenza-profile,MONSOON HEALTH PACKAGES,MONSOON HEALTH PACKAGES.json,H3N2 PLUS INFLUENZA PROFILE,H3N2 Plus Influenza Profile @ Rs. 3899 | Thyrocare,₹ 4818 | ₹ 3899,,Source contains multiple price values
207,monsoon-health-packages::jaanch-monsoon-fever-mini-package,MONSOON HEALTH PACKAGES,MONSOON HEALTH PACKAGES.json,JAANCH MONSOON FEVER MINI PACKAGE,Jaanch Monsoon Fever Mini | 33 Tests @ Rs. 749 | Thyrocare,₹ 1099 | ₹ 749,,Source contains multiple price values
208,orange-healthcare::full-body-basic,ORANGE HEALTHCARE,ORANGE HEALTHCARE.json,FULL BODY BASIC,Full Body Basic Checkup @ Rs.1499 | Orange Healthcare,₹ 2199 | ₹ 1499,,Source contains multiple price values
209,orange-healthcare::full-body-advanced,ORANGE HEALTHCARE,ORANGE HEALTHCARE.json,FULL BODY ADVANCED,Full Body Advanced Checkup @ Rs.1699 | Orange Healthcare,₹ 2499 | ₹ 1699,,Source contains multiple price values
210,orange-healthcare::full-body-comprehensive,ORANGE HEALTHCARE,ORANGE HEALTHCARE.json,FULL BODY COMPREHENSIVE,Full Body Comprehensive @ Rs. 2800 | Orange Healthcare,₹ 4200 | ₹ 2800,,Source contains multiple price values
211,orange-healthcare::full-body-female,ORANGE HEALTHCARE,ORANGE HEALTHCARE.json,FULL BODY FEMALE,Full Body Female Checkup @ Rs. 4200 | Orange Healthcare,₹ 6300 | ₹ 4200,,Source contains multiple price values
212,orange-healthcare::full-body-male,ORANGE HEALTHCARE,ORANGE HEALTHCARE.json,FULL BODY MALE,Full Body Male @ Rs.3000 | Orange Healthcare,₹ 4600 | ₹ 3000,,Source contains multiple price values
213,pcod-profile-test::pcod-profile,PCOD PROFILE TEST,PCOD PROFILE TEST.json,PCOD PROFILE,PCOD Profile Test | 50 Tests @ Rs. 1799 | Thyrocare,₹ 3399 | ₹ 1799,,Source contains multiple price values
214,pcod-profile-test::jaanch-pcod-advanced,PCOD PROFILE TEST,PCOD PROFILE TEST.json,JAANCH - PCOD ADVANCED,Jaanch PCOD Advanced | 73 Tests @ Rs. 4750 | Thyrocare,₹ 5999 | ₹ 4750,,Source contains multiple price values
215,pcod-profile-test::jaanch-pcod-basic,PCOD PROFILE TEST,PCOD PROFILE TEST.json,JAANCH - PCOD BASIC,Jaanch PCOD Basic | 69 Tests @ Rs. 4150 | Thyrocare,₹ 5999 | ₹ 4150,,Source contains multiple price values
216,pcod-profile-test::jaanch-pcod-mini,PCOD PROFILE TEST,PCOD PROFILE TEST.json,JAANCH PCOD MINI,Jaanch PCOD Test | 50 Tests @ Rs. 1779 | Thyrocare,₹ 2329 | ₹ 1779,,Source contains multiple price values
217,pcos-profile-test::pcos-mini,PCOS PROFILE TEST,PCOS PROFILE TEST.json,PCOS MINI,PCOS Mini | 51 Test @ Rs. 2599 | Thyrocare,₹ 2599 | ₹ 1600,,Source contains multiple price values
218,pcos-profile-test::pcos-care-package,PCOS PROFILE TEST,PCOS PROFILE TEST.json,PCOS CARE PACKAGE,PCOS Care Package | 42 Test @ Rs. 3000 | Thyrocare,₹ 3000,,
219,pcos-profile-test::pcos-manage-package,PCOS PROFILE TEST,PCOS PROFILE TEST.json,PCOS MANAGE PACKAGE,PCOS Manage Package | 72 Test @ Rs. 3199 | Thyrocare,₹ 3299 | ₹ 3199,,Source contains multiple price values
220,pregnancy-care-packages::torch-all-eight,PREGNANCY CARE PACKAGES,PREGNANCY CARE PACKAGES.json,TORCH ALL EIGHT,Torch All Eight Test | 8 Tests @ Rs. 2700 | Thyrocare,₹ 2860 | ₹ 2700,,Source contains multiple price values
221,pregnancy-care-packages::jaanch-antenatal-profile-advanced,PREGNANCY CARE PACKAGES,PREGNANCY CARE PACKAGES.json,JAANCH - ANTENATAL PROFILE ADVANCED,Jaanch Antenatal Profile Advanced 51 Tests @ Rs.2449 | Thyrocare,₹ 3079 | ₹ 2449,,Source contains multiple price values
222,pregnancy-care-packages::torch-all-ten-cmia,PREGNANCY CARE PACKAGES,PREGNANCY CARE PACKAGES.json,TORCH ALL TEN (C.M.I.A),Torch All Ten (C.M.I.A) Profile | 10 Tests @ Rs. 2199 | Thyrocare,₹ 3500 | ₹ 2199,,Source contains multiple price values
223,pregnancy-care-packages::torch-panel-igm,PREGNANCY CARE PACKAGES,PREGNANCY CARE PACKAGES.json,TORCH PANEL IGM,Torch Panel IGM | 5 Tests @ Rs. 1299 | Thyrocare,₹ 1440 | ₹ 1299,,Source contains multiple price values
224,pregnancy-care-packages::torch-panel-igg,PREGNANCY CARE PACKAGES,PREGNANCY CARE PACKAGES.json,TORCH PANEL - IGG,Torch Panel IGG | 5 Tests @ Rs. 1499 | Thyrocare,₹ 1584 | ₹ 1499,,Source contains multiple price values
225,pregnancy-care-packages::double-marker-first-trimester-8-13-week-fmf-certified,PREGNANCY CARE PACKAGES,PREGNANCY CARE PACKAGES.json,DOUBLE MARKER FIRST TRIMESTER 8-13 WEEK (FMF CERTIFIED),Double Marker First Trimester @ Rs.1699 | Thyrocare,₹ 2430 | ₹ 1699,,Source contains multiple price values
226,pregnancy-care-packages::quadruple-marker-second-trimester-14-22-week,PREGNANCY CARE PACKAGES,PREGNANCY CARE PACKAGES.json,QUADRUPLE MARKER SECOND TRIMESTER 14-22 WEEK,Quadruple Marker | 4 Tests @ Rs. 2360 | Thyrocare,₹ 3371 | ₹ 2360,,Source contains multiple price values
227,pregnancy-care-packages::triple-marker-second-trimester-14-22-week,PREGNANCY CARE PACKAGES,PREGNANCY CARE PACKAGES.json,TRIPLE MARKER SECOND TRIMESTER 14-22 WEEK,Triple Marker Second Trimester 14-22 week @ Rs. 1999 | Thyrocare,₹ 2856 | ₹ 1999,,Source contains multiple price values
228,pregnancy-care-packages::jaanch-antenatal-profile-basic,PREGNANCY CARE PACKAGES,PREGNANCY CARE PACKAGES.json,JAANCH ANTENATAL PROFILE BASIC,Jaanch Antenatal Profile Basic | 35 Tests @ Rs. 1359 | Thyrocare,₹ 1650 | ₹ 1359,,Source contains multiple price values
229,pregnancy-care-packages::jaanch-antenatal-profile-extended,PREGNANCY CARE PACKAGES,PREGNANCY CARE PACKAGES.json,JAANCH ANTENATAL PROFILE EXTENDED,Jaanch Antenatal Profile Extended | 85 Tests @ Rs. 3799 | Thyrocare,₹ 4950 | ₹ 3799,,Source contains multiple price values
230,pregnancy-care-packages::pre-pregnancy-profile,PREGNANCY CARE PACKAGES,PREGNANCY CARE PACKAGES.json,PRE-PREGNANCY PROFILE,Pre-Pregnancy Profile | 52 Tests @ Rs. 2600 | Thyrocare Profile for Women,₹ 2600,,
231,pregnancy-care-packages::preeclampsia-markers,PREGNANCY CARE PACKAGES,PREGNANCY CARE PACKAGES.json,PREECLAMPSIA MARKERS,Preeclampsia Markers | Thyrocare,₹ 6750 | ₹ 4500,,Source contains multiple price values
232,pregnancy-care-packages::preeclampsia-profile-advanced,PREGNANCY CARE PACKAGES,PREGNANCY CARE PACKAGES.json,PREECLAMPSIA PROFILE ADVANCED,Preeclampsia Profile Advanced | Thyrocare,₹ 5610 | ₹ 3740,,Source contains multiple price values
233,pregnancy-care-packages::preeclampsia-profile-basic,PREGNANCY CARE PACKAGES,PREGNANCY CARE PACKAGES.json,PREECLAMPSIA PROFILE BASIC,PREECLAMPSIA PROFILE BASIC,₹ 3399 | ₹ 2719,,Source contains multiple price values
234,premarital-test-packages::jaanch-premarital-health-check-up,PREMARITAL TEST PACKAGES,PREMARITAL TEST PACKAGES.json,JAANCH PREMARITAL HEALTH CHECK UP,Jaanch Premarital Health Checkup | 48 Tests @ Rs. 1999 | Thyrocare,₹ 2599 | ₹ 1999,,Source contains multiple price values
235,preoperative-packages::jaanch-pre-operative-eye-surgery-package,PREOPERATIVE PACKAGES,PREOPERATIVE PACKAGES.json,JAANCH- PRE-OPERATIVE EYE SURGERY PACKAGE,Jaanch- Pre-Operative Eye Surgery Package | 64 Tests @ Rs. 1020 | Thyrocare Eye Surgery Pre-Test Panel,₹ 1209 | ₹ 1020,,Source contains multiple price values
236,preoperative-packages::jaanch-preoperative-package-basic,PREOPERATIVE PACKAGES,PREOPERATIVE PACKAGES.json,JAANCH- PREOPERATIVE PACKAGE BASIC,Jaanch Preoperative Package Basic | 81 Tests @ Rs. 1599 | Thyrocare,₹ 1979 | ₹ 1599,,Source contains multiple price values
237,preoperative-packages::jaanch-pre-operative-package-mini,PREOPERATIVE PACKAGES,PREOPERATIVE PACKAGES.json,JAANCH- PRE-OPERATIVE PACKAGE MINI,Jaanch- Pre-Operative Package Mini | 60 Tests @ Rs. 1020 | Thyrocare,₹ 1209 | ₹ 1020,,Source contains multiple price values
238,preoperative-packages::jaanch-preoperative-package-advanced,PREOPERATIVE PACKAGES,PREOPERATIVE PACKAGES.json,JAANCH PREOPERATIVE PACKAGE ADVANCED,Jaanch Preoperative Package Advanced | 85 Tests @ Rs. 1699 | Thyrocare Pre-Surgery Fitness Test,₹ 2199 | ₹ 1699,,Source contains multiple price values
239,preoperative-packages::h3t-profile,PREOPERATIVE PACKAGES,PREOPERATIVE PACKAGES.json,H3T - PROFILE,H3T Profile Package | 4 Tests @ Rs. 890 | Thyrocare Advanced Health Checkup,₹ 890,,
240,preoperative-packages::triple-h,PREOPERATIVE PACKAGES,PREOPERATIVE PACKAGES.json,TRIPLE H,Triple H | Thyrocare,₹ 1499 | ₹ 999,,Source contains multiple price values
241,senior-citizen-health-checkup::comprehensive-health-check,SENIOR CITIZEN HEALTH CHECKUP,SENIOR CITIZEN HEALTH CHECKUP.json,COMPREHENSIVE HEALTH CHECK,Comprehensive Health Check | 111 Tests @ Rs. 2299 | Thyrocare,₹ 4700 | ₹ 2299,,Source contains multiple price values
242,senior-citizen-health-checkup::senior-citizen-profile-male,SENIOR CITIZEN HEALTH CHECKUP,SENIOR CITIZEN HEALTH CHECKUP.json,SENIOR CITIZEN PROFILE MALE,Senior Citizen Profile Male | 127 Tests @ Rs. 2398 | Thyrocare,₹ 4500 | ₹ 2398,,Source contains multiple price values
243,senior-citizen-health-checkup::senior-citizen-profile-female,SENIOR CITIZEN HEALTH CHECKUP,SENIOR CITIZEN HEALTH CHECKUP.json,SENIOR CITIZEN PROFILE FEMALE,Senior Citizen Profile Female | 127 Tests @ Rs. 2398 | Thyrocare,₹ 4500 | ₹ 2398,,Source contains multiple price values
244,skin-care-checkup-packages::jaanch-womens-skin-care-checkup,SKIN CARE CHECKUP PACKAGES,SKIN CARE CHECKUP PACKAGES.json,JAANCH - WOMENS SKIN CARE CHECKUP,Jaanch - Womens Skin Care Checkup | 43 Tests @ Rs.2450 | Thyrocare,₹ 3299 | ₹ 2629,,Source contains multiple price values
245,skin-care-checkup-packages::mens-skin-care-checkup,SKIN CARE CHECKUP PACKAGES,SKIN CARE CHECKUP PACKAGES.json,MENS SKIN CARE CHECKUP,Mens Skin Care Checkup 36 Tests @ Rs 2450 | Thyrocare,₹ 3000 | ₹ 2450,,Source contains multiple price values
246,skin-care-checkup-packages::womens-skin-care-checkup,SKIN CARE CHECKUP PACKAGES,SKIN CARE CHECKUP PACKAGES.json,WOMENS SKIN CARE CHECKUP,Womens Skin Care Checkup | 43 Tests @ Rs. 2629 | Thyrocare,₹ 3299 | ₹ 2629,,Source contains multiple price values
247,skin-care-checkup-packages::jaanch-mens-skin-care-checkup,SKIN CARE CHECKUP PACKAGES,SKIN CARE CHECKUP PACKAGES.json,JAANCH - MENS SKIN CARE CHECKUP,Jaanch - Mens Skin Care Checkup 36 Tests @ Rs.2450 | Thyrocare Men`s Skin Health Package,₹ 3299 | ₹ 2450,,Source contains multiple price values
248,sports-fitness-packages::sports-fitness-advanced,SPORTS & FITNESS PACKAGES,SPORTS & FITNESS PACKAGES.json,SPORTS FITNESS - ADVANCED,Sports Fitness - Advanced | 135 Tests @ Rs. 3199 | Thyrocare Health Checkup,₹ 3199,,
249,sports-fitness-packages::sports-fitness-basic,SPORTS & FITNESS PACKAGES,SPORTS & FITNESS PACKAGES.json,SPORTS FITNESS - BASIC,Sports Fitness Basic | Thyrocare,₹ 1499,,
250,sports-fitness-packages::sports-fitness-comprehensive,SPORTS & FITNESS PACKAGES,SPORTS & FITNESS PACKAGES.json,SPORTS FITNESS - COMPREHENSIVE,Sports Fitness Comprehensive | Thyrocare,₹ 6199,,
251,sports-fitness-packages::sportperson-combo-hormone-plus-wellness,SPORTS & FITNESS PACKAGES,SPORTS & FITNESS PACKAGES.json,SPORTPERSON COMBO HORMONE PLUS WELLNESS,Sportsperson Combo Hormone Plus Wellness | 85 tests @ Rs. 3399 | Thyrocare,₹ 5200 | ₹ 3399,,Source contains multiple price values
252,sports-fitness-packages::sports-person-package,SPORTS & FITNESS PACKAGES,SPORTS & FITNESS PACKAGES.json,SPORTS PERSON PACKAGE,,₹ 1699 | ₹ 1599,,Source contains multiple price values
253,sports-fitness-packages::wellness-sportsperson-profile,SPORTS & FITNESS PACKAGES,SPORTS & FITNESS PACKAGES.json,WELLNESS SPORTSPERSON PROFILE,,₹ 1799,,
254,std-sexual-health::jaanch-std-profile-extended,STD & SEXUAL HEALTH,STD & SEXUAL HEALTH.json,JAANCH - STD PROFILE EXTENDED,Jaanch - STD Profile Extended | 14 Test @ Rs.7999 | Thyrocare Advanced STD Test Panel,₹ 11549 | ₹ 7999,,Source contains multiple price values
255,std-sexual-health::jaanch-std-profile-basic,STD & SEXUAL HEALTH,STD & SEXUAL HEALTH.json,JAANCH - STD PROFILE BASIC,Jaanch STD Profile Basic 12 Tests Rs.2349 | Thyrocare,₹ 2799 | ₹ 2349,,Source contains multiple price values
256,std-sexual-health::jaanch-std-profile-advanced,STD & SEXUAL HEALTH,STD & SEXUAL HEALTH.json,JAANCH - STD PROFILE ADVANCED,Jaanch STD Profile Advanced @ Rs. 5619 | Thyrocare,₹ 7149 | ₹ 5619,,Source contains multiple price values
257,std-sexual-health::std-profile-basic,STD & SEXUAL HEALTH,STD & SEXUAL HEALTH.json,STD PROFILE BASIC,,₹ 2940,,
258,summer-packages::jaanch-heat-shield-basic,SUMMER PACKAGES,SUMMER PACKAGES.json,JAANCH HEAT SHIELD BASIC,,₹ 1199,,
259,summer-packages::jaanch-heat-shield-advanced,SUMMER PACKAGES,SUMMER PACKAGES.json,JAANCH HEAT SHIELD ADVANCED,,₹ 2499,,
260,thyrocare-aarogyam-packages::aarogyam-comprehensive-prime,THYROCARE AAROGYAM PACKAGES,THYROCARE AAROGYAM PACKAGES.json,AAROGYAM COMPREHENSIVE PRIME,Full Body Checkup | 65 Tests @ Rs. 799 | Thyrocare,₹ 1299 | ₹ 859,,Source contains multiple price values
261,thyrocare-aarogyam-packages::aarogyam-11-dual-offer,THYROCARE AAROGYAM PACKAGES,THYROCARE AAROGYAM PACKAGES.json,AAROGYAM 1+1 DUAL OFFER,Aarogyam Dual 1+1 Offer | 98 Tests @ Rs. 3198 | Thyrocare Family Package,₹ 5000 | ₹ 3198,,Source contains multiple price values
262,thyrocare-aarogyam-packages::aarogyam-c-with-utsh,THYROCARE AAROGYAM PACKAGES,THYROCARE AAROGYAM PACKAGES.json,AAROGYAM C With UTSH,Aarogyam C with UTSH | 74 Tests @ Rs. 2149 | Thyrocare,₹ 2799 | ₹ 2149,,Source contains multiple price values
263,thyrocare-aarogyam-packages::aarogyam-d-with-utsh,THYROCARE AAROGYAM PACKAGES,THYROCARE AAROGYAM PACKAGES.json,AAROGYAM D WITH UTSH,Aarogyam D with UTSH | 86 Tests @ Rs. 3399 | Thyrocare,₹ 4499 | ₹ 3399,,Source contains multiple price values
264,thyrocare-aarogyam-packages::aarogyam-f-with-utsh,THYROCARE AAROGYAM PACKAGES,THYROCARE AAROGYAM PACKAGES.json,AAROGYAM F WITH UTSH,Aarogyam F With UTSH | 114 Tests @ Rs. 5399 | Thyrocare,₹ 6899 | ₹ 5399,,Source contains multiple price values
265,thyrocare-aarogyam-packages::aarogyam-24x7-non-fasting-advanced,THYROCARE AAROGYAM PACKAGES,THYROCARE AAROGYAM PACKAGES.json,AAROGYAM 24X7 (NON FASTING) - ADVANCED,Aarogyam 24x7 Non-Fasting Advanced | 101 test package | Thyrocare Full Body Checkup Without Fasting,₹ 7599 | ₹ 5500,,Source contains multiple price values
266,thyrocare-aarogyam-packages::aarogyam-24x7-non-fasting-mini,THYROCARE AAROGYAM PACKAGES,THYROCARE AAROGYAM PACKAGES.json,AAROGYAM 24X7 (NON FASTING) - MINI,Aarogyam 24X7 (Non Fasting) - Mini | 55 Tests @ Rs. 1900 | Thyrocare Health Checkup Without Fasting,₹ 2089 | ₹ 1599,,Source contains multiple price values
267,thyrocare-aarogyam-packages::aarogyam-24x7-non-fasting-basic,THYROCARE AAROGYAM PACKAGES,THYROCARE AAROGYAM PACKAGES.json,AAROGYAM 24X7 (NON FASTING) - BASIC,Aarogyam 24X7 (Non Fasting) - Basic | 83 Tests @ Rs. 3200 | Thyrocare Health Checkup Without Fasting,₹ 4200 | ₹ 3200,,Source contains multiple price values
268,thyrocare-aarogyam-packages::aarogyam-11-with-utsh,THYROCARE AAROGYAM PACKAGES,THYROCARE AAROGYAM PACKAGES.json,AAROGYAM 1.1 With UTSH,Aarogyam 1.1 With UTSH | 63 Tests @ Rs. 1399 | Thyrocare,₹ 1799 | ₹ 1399,,Source contains multiple price values
269,thyrocare-aarogyam-packages::aarogyam-12-with-utsh,THYROCARE AAROGYAM PACKAGES,THYROCARE AAROGYAM PACKAGES.json,AAROGYAM 1.2 With UTSH,Aarogyam 1.2 With UTSH | 93 Tests @ Rs. 1989 | Thyrocare,₹ 2399 | ₹ 1989,,Source contains multiple price values
270,thyrocare-aarogyam-packages::aarogyam-13-with-utsh,THYROCARE AAROGYAM PACKAGES,THYROCARE AAROGYAM PACKAGES.json,AAROGYAM 1.3 With UTSH,Aarogyam 1.3 With UTSH | 100 Tests @ Rs. 2649 | Thyrocare,₹ 3700 | ₹ 2649,,Source contains multiple price values
271,thyrocare-aarogyam-packages::aarogyam-14-with-utsh,THYROCARE AAROGYAM PACKAGES,THYROCARE AAROGYAM PACKAGES.json,AAROGYAM 1.4 With UTSH,Aarogyam 1.4 With UTSH | 107 Tests @ Rs. 3189 | Thyrocare,₹ 3999 | ₹ 3189,,Source contains multiple price values
272,thyrocare-aarogyam-packages::aarogyam-15-with-utsh,THYROCARE AAROGYAM PACKAGES,THYROCARE AAROGYAM PACKAGES.json,AAROGYAM 1.5 With UTSH,Aarogyam 1.5 With UTSH | 110 Tests @ Rs. 3259 | Thyrocare,₹ 4499 | ₹ 3259,,Source contains multiple price values
273,thyrocare-aarogyam-packages::aarogyam-16-with-utsh,THYROCARE AAROGYAM PACKAGES,THYROCARE AAROGYAM PACKAGES.json,AAROGYAM 1.6 With UTSH,Aarogyam 1.6 With UTSH | 112 Tests @ Rs. 3499 | Thyrocare,₹ 4999 | ₹ 3499,,Source contains multiple price values
274,thyrocare-aarogyam-packages::aarogyam-17-with-utsh,THYROCARE AAROGYAM PACKAGES,THYROCARE AAROGYAM PACKAGES.json,AAROGYAM 1.7 With UTSH,Aarogyam 1.7 With UTSH | 113 Tests @ Rs. 4699 | Thyrocare,₹ 5999 | ₹ 4699,,Source contains multiple price values
275,thyrocare-aarogyam-packages::aarogyam-18-with-utsh,THYROCARE AAROGYAM PACKAGES,THYROCARE AAROGYAM PACKAGES.json,AAROGYAM 1.8 With UTSH,Aarogyam 1.8 With UTSH | 121 Tests @ Rs. 5400 | Thyrocare Complete Body Checkup,₹ 6999 | ₹ 5400,,Source contains multiple price values
276,thyrocare-aarogyam-packages::aarogyam-a-with-utsh,THYROCARE AAROGYAM PACKAGES,THYROCARE AAROGYAM PACKAGES.json,AAROGYAM A With UTSH,Aarogyam A With UTSH | 41 Tests @ Rs. 1199 | Thyrocare,₹ 1599 | ₹ 1199,,Source contains multiple price values
277,thyrocare-aarogyam-packages::aarogyam-b-with-utsh,THYROCARE AAROGYAM PACKAGES,THYROCARE AAROGYAM PACKAGES.json,AAROGYAM B With UTSH,Aarogyam B With UTSH | 71 Tests @ Rs. 1499 | Thyrocare,₹ 1899 | ₹ 1499,,Source contains multiple price values
278,thyrocare-aarogyam-packages::aarogyam-e-with-utsh,THYROCARE AAROGYAM PACKAGES,THYROCARE AAROGYAM PACKAGES.json,AAROGYAM E WITH UTSH,Aarogyam E With UTSH | 90 Tests @ Rs. 4099 | Thyrocare,₹ 5599 | ₹ 4099,,Source contains multiple price values
279,thyrocare-aarogyam-packages::aarogyam-x-pro-with-utsh,THYROCARE AAROGYAM PACKAGES,THYROCARE AAROGYAM PACKAGES.json,AAROGYAM X PRO WITH UTSH,Aarogyam X Pro With UTSH | 125 Tests @ Rs.4899 | Thyrocare,₹ 7919 | ₹ 4899,,Source contains multiple price values
280,thyrocare-aarogyam-packages::aarogyam-xl-plus-profile-with-utsh,THYROCARE AAROGYAM PACKAGES,THYROCARE AAROGYAM PACKAGES.json,AAROGYAM XL PLUS PROFILE WITH UTSH,Aarogyam XL Plus Profile With UTSH | 163 Tests @ Rs.6649 | Thyrocare,₹ 10174 | ₹ 6649,,Source contains multiple price values
281,thyrocare-aarogyam-packages::aarogyam-x-with-allergy-screening,THYROCARE AAROGYAM PACKAGES,THYROCARE AAROGYAM PACKAGES.json,AAROGYAM X WITH ALLERGY SCREENING,Aarogyam X 1+1 with Allergy Screening @ Rs. 4500 | Thyrocare,₹ 8500 | ₹ 4500,,Source contains multiple price values
282,thyrocare-aarogyam-packages::aarogyam-xl-11-with-free-allergy-test,THYROCARE AAROGYAM PACKAGES,THYROCARE AAROGYAM PACKAGES.json,AAROGYAM XL 1+1 WITH FREE ALLERGY TEST,Aarogyam XL 1+1 with Free Allergy Test | 150 Tests @ 5199 | Thyrocare,₹ 9999 | ₹ 5199,,Source contains multiple price values
283,thyrocare-aarogyam-packages::aarogyam-a-pro,THYROCARE AAROGYAM PACKAGES,THYROCARE AAROGYAM PACKAGES.json,AAROGYAM A PRO,Aarogyam A Pro | Thyrocare,₹ 1499 | ₹ 999,,Source contains multiple price values
284,thyrocare-aarogyam-packages::aarogyam-b-pro,THYROCARE AAROGYAM PACKAGES,THYROCARE AAROGYAM PACKAGES.json,AAROGYAM B PRO,Aarogyam B Pro | Thyrocare,₹ 1999 | ₹ 1599,,Source contains multiple price values
285,thyrocare-aarogyam-packages::aarogyam-d-pro-package,THYROCARE AAROGYAM PACKAGES,THYROCARE AAROGYAM PACKAGES.json,AAROGYAM D PRO PACKAGE,Aarogyam D Pro Package | 78 Tests @ Rs. 3199 | Thyrocare,₹ 3999 | ₹ 3199,,Source contains multiple price values
286,thyrocare-aarogyam-packages::aarogyam-e-pro-package,THYROCARE AAROGYAM PACKAGES,THYROCARE AAROGYAM PACKAGES.json,AAROGYAM E PRO PACKAGE,Aarogyam E Pro Package | Thyrocare,₹ 5499 | ₹ 4399,,Source contains multiple price values
287,thyrocare-aarogyam-packages::aarogyam-f-pro-package,THYROCARE AAROGYAM PACKAGES,THYROCARE AAROGYAM PACKAGES.json,AAROGYAM F PRO PACKAGE,Aarogyam F Pro Package | Thyrocare,₹ 6999 | ₹ 5599,,Source contains multiple price values
288,thyrocare-aarogyam-packages::aarogyam-x-pro-package,THYROCARE AAROGYAM PACKAGES,THYROCARE AAROGYAM PACKAGES.json,AAROGYAM X PRO PACKAGE,Aarogyam X Pro Package | Thyrocare,₹ 8499 | ₹ 6799,,Source contains multiple price values
289,thyrocare-aarogyam-packages::aarogyam-xl-pro-package,THYROCARE AAROGYAM PACKAGES,THYROCARE AAROGYAM PACKAGES.json,AAROGYAM XL PRO PACKAGE,Aarogyam XL Pro Package | Thyrocare,₹ 9999 | ₹ 7999,,Source contains multiple price values
290,thyrocare-aarogyam-packages::aarogyam-female,THYROCARE AAROGYAM PACKAGES,THYROCARE AAROGYAM PACKAGES.json,AAROGYAM FEMALE,Aarogyam Female | 105 Tests @ 2399 | Full Body Checkup by Thyrocare,₹ 4200 | ₹ 2399,,Source contains multiple price values
291,thyrocare-aarogyam-packages::aarogyam-tax-saver-advanced,THYROCARE AAROGYAM PACKAGES,THYROCARE AAROGYAM PACKAGES.json,AAROGYAM TAX SAVER ADVANCED,Aarogyam Tax Saver Advanced | 136 Tests @ Rs. 4479 | Thyrocare,₹ 5499 | ₹ 4579,,Source contains multiple price values
292,thyrocare-aarogyam-packages::aarogyam-tax-saver-basic,THYROCARE AAROGYAM PACKAGES,THYROCARE AAROGYAM PACKAGES.json,AAROGYAM TAX SAVER BASIC,Aarogyam Tax Saver Basic | 83 Tests @ Rs. 2399 | Thyrocare Preventive Checkup,₹ 2999 | ₹ 2399,,Source contains multiple price values
293,thyrocare-pro-series::aarogyam-d-pro-with-utsh,THYROCARE PRO SERIES,THYROCARE PRO SERIES.json,AAROGYAM D PRO WITH UTSH,Aarogyam D Pro With UTSH | 86 Tests @ Rs. 2199 | Thyrocare,₹ 4499 | ₹ 2199,,Source contains multiple price values
294,thyrocare-pro-series::aarogyam-c-pro-with-utsh,THYROCARE PRO SERIES,THYROCARE PRO SERIES.json,AAROGYAM C PRO WITH UTSH,Aarogyam C Pro With UTSH | 72 Tests @ Rs. 1399 | Thyrocare,₹ 2799 | ₹ 1499,,Source contains multiple price values
295,thyrocare-pro-series::aarogyam-camp-profile-1,THYROCARE PRO SERIES,THYROCARE PRO SERIES.json,AAROGYAM CAMP PROFILE 1,Aarogyam Camp Profile 1 | 62 Tests @ Rs. 1599 | Thyrocare,₹ 2299 | ₹ 1599,,Source contains multiple price values
296,thyrocare-pro-series::aarogyam-camp-profile-2,THYROCARE PRO SERIES,THYROCARE PRO SERIES.json,AAROGYAM CAMP PROFILE 2,Aarogyam Camp Profile 2 | 69 Tests @ Rs. 2299 | Thyrocare,₹ 3399 | ₹ 2299,,Source contains multiple price values
297,thyrocare-pro-series::aarogyam-camp-profile-3,THYROCARE PRO SERIES,THYROCARE PRO SERIES.json,AAROGYAM CAMP PROFILE 3,Aarogyam Camp Profile 3 | 78 Tests @ Rs. 3299 | Thyrocare,₹ 4799 | ₹ 3299,,Source contains multiple price values
298,thyrocare-pro-series::aarogyam-a-plus-profile-with-utsh,THYROCARE PRO SERIES,THYROCARE PRO SERIES.json,AAROGYAM A PLUS PROFILE WITH UTSH,Aarogyam A Plus Profile With UTSH | 63 Tests @ Rs. 1499 | Thyrocare,₹ 1599 | ₹ 1499,,Source contains multiple price values
299,thyrocare-pro-series::aarogyam-a-pro-with-utsh,THYROCARE PRO SERIES,THYROCARE PRO SERIES.json,AAROGYAM A PRO WITH UTSH,Aarogyam A Pro With UTSH | 38 Tests @ Rs. 1299 | Thyrocare,₹ 1399 | ₹ 1299,,Source contains multiple price values
300,thyrocare-pro-series::aarogyam-b-plus-profile-with-utsh,THYROCARE PRO SERIES,THYROCARE PRO SERIES.json,AAROGYAM B PLUS PROFILE WITH UTSH,Aarogyam B Plus Profile With UTSH | 93 Tests @ Rs. 1699 | Thyrocare,₹ 1799 | ₹ 1699,,Source contains multiple price values
301,thyrocare-pro-series::aarogyam-b-pro-with-utsh,THYROCARE PRO SERIES,THYROCARE PRO SERIES.json,AAROGYAM B PRO WITH UTSH,Aarogyam B Pro With UTSH | 68 Tests @ Rs. 1499 | Thyrocare,₹ 1599 | ₹ 1499,,Source contains multiple price values
302,thyrocare-pro-series::aarogyam-c-plus-profile-with-utsh,THYROCARE PRO SERIES,THYROCARE PRO SERIES.json,AAROGYAM C PLUS PROFILE WITH UTSH,Aarogyam C Plus Profile With UTSH | 97 Tests @ Rs. 1599 | Thyrocare,₹ 2699 | ₹ 1599,,Source contains multiple price values
303,thyrocare-pro-series::aarogyam-c-pro-with-heart-attack-risk,THYROCARE PRO SERIES,THYROCARE PRO SERIES.json,AAROGYAM C PRO WITH HEART ATTACK RISK,Aarogyam C Pro With Heart Attack Risk | 71 Tests @ Rs. 2699 | Thyrocare,₹ 3000 | ₹ 2699,,Source contains multiple price values
304,thyrocare-pro-series::aarogyam-companion-1,THYROCARE PRO SERIES,THYROCARE PRO SERIES.json,AAROGYAM COMPANION 1,Aarogyam Companion 1 | 106 Tests @ Rs. 1999 | Thyrocare,₹ 2000 | ₹ 1999,,Source contains multiple price values
305,thyrocare-pro-series::aarogyam-companion-2,THYROCARE PRO SERIES,THYROCARE PRO SERIES.json,AAROGYAM COMPANION 2,Aarogyam Companion 2 | 106 Tests @ Rs. 1999 | Thyrocare,₹ 2000 | ₹ 1999,,Source contains multiple price values
306,thyrocare-pro-series::aarogyam-corp-package-with-utsh,THYROCARE PRO SERIES,THYROCARE PRO SERIES.json,AAROGYAM CORP PACKAGE WITH UTSH,Aarogyam Corp Package With UTSH | 97 Tests @ Rs. 1799 | Thyrocare,₹ 1799,,
307,thyrocare-pro-series::aarogyam-d-plus-profile-with-utsh,THYROCARE PRO SERIES,THYROCARE PRO SERIES.json,AAROGYAM D PLUS PROFILE WITH UTSH,Aarogyam D Plus Profile With UTSH | 114 Tests @ Rs.3099 | Thyrocare,₹ 5099 | ₹ 3099,,Source contains multiple price values
308,thyrocare-pro-series::aarogyam-e-plus-profile-with-utsh,THYROCARE PRO SERIES,THYROCARE PRO SERIES.json,AAROGYAM E PLUS PROFILE WITH UTSH,Aarogyam E Plus Profile With UTSH | 118 Tests @ Rs.3599 | Thyrocare,₹ 6299 | ₹ 3599,,Source contains multiple price values
309,thyrocare-pro-series::aarogyam-e-pro-with-utsh,THYROCARE PRO SERIES,THYROCARE PRO SERIES.json,AAROGYAM E PRO WITH UTSH,Aarogyam E Pro With UTSH | 90 Tests @ Rs.3399 | Thyrocare Elite Full Body Check,₹ 5599 | ₹ 3399,,Source contains multiple price values
310,thyrocare-pro-series::aarogyam-f-plus-profile-with-utsh,THYROCARE PRO SERIES,THYROCARE PRO SERIES.json,AAROGYAM F PLUS PROFILE WITH UTSH,Aarogyam F Plus Profile With UTSH | 142 Tests @ Rs.4599 | Thyrocare,₹ 7299 | ₹ 4599,,Source contains multiple price values
311,thyrocare-pro-series::aarogyam-f-pro-with-utsh,THYROCARE PRO SERIES,THYROCARE PRO SERIES.json,AAROGYAM F PRO WITH UTSH,Aarogyam F Pro With UTSH | 114 Tests @ Rs.4399 | Thyrocare,₹ 6899 | ₹ 4399,,Source contains multiple price values
312,thyrocare-pro-series::aarogyam-lite-with-utsh,THYROCARE PRO SERIES,THYROCARE PRO SERIES.json,AAROGYAM LITE WITH UTSH,Aarogyam Lite With UTSH | 32 Tests @ Rs.999 | Thyrocare,₹ 1154 | ₹ 999,,Source contains multiple price values
313,thyrocare-pro-series::aarogyam-purush-profile-with-utsh,THYROCARE PRO SERIES,THYROCARE PRO SERIES.json,AAROGYAM PURUSH PROFILE WITH UTSH,Aarogyam Purush With UTSH | 107 Tests @ Rs.2499 | Thyrocare,₹ 4564 | ₹ 2499,,Source contains multiple price values
314,thyrocare-pro-series::aarogyam-stree-profile-with-utsh,THYROCARE PRO SERIES,THYROCARE PRO SERIES.json,AAROGYAM STREE PROFILE WITH UTSH,Aarogyam Stree Profile With UTSH | 110 Tests @ Rs.2499 | Thyrocare,₹ 4399 | ₹ 2499,,Source contains multiple price values
315,thyrocare-pro-series::aarogyam-winter-advanced-with-utsh,THYROCARE PRO SERIES,THYROCARE PRO SERIES.json,AAROGYAM WINTER ADVANCED WITH UTSH,Aarogyam Winter Advanced With UTSH | 79 Tests @ Rs.1699 | Thyrocare,₹ 1899 | ₹ 1699,,Source contains multiple price values
316,thyrocare-pro-series::aarogyam-winter-basic-with-utsh,THYROCARE PRO SERIES,THYROCARE PRO SERIES.json,AAROGYAM WINTER BASIC WITH UTSH,Aarogyam Winter Basic With UTSH | 68 Tests @ Rs.1199 | Thyrocare,₹ 1399 | ₹ 1199,,Source contains multiple price values
317,thyrocare-pro-series::aarogyam-x-plus-profile-with-utsh,THYROCARE PRO SERIES,THYROCARE PRO SERIES.json,AAROGYAM X PLUS PROFILE WITH UTSH,Aarogyam X Plus Profile With UTSH | 153 Tests @ Rs.5499 | Thyrocare,₹ 8469 | ₹ 5499,,Source contains multiple price values
318,thyrocare-pro-series::aarogyam-xl-pro-with-utsh,THYROCARE PRO SERIES,THYROCARE PRO SERIES.json,AAROGYAM XL PRO WITH UTSH,Aarogyam XL Pro With UTSH | 135 Tests @ Rs.5899 | Thyrocare Ultimate Diagnostic Package,₹ 9624 | ₹ 5899,,Source contains multiple price values
319,thyrocare-pro-series::aarogyam-a-plus-package,THYROCARE PRO SERIES,THYROCARE PRO SERIES.json,AAROGYAM A PLUS PACKAGE,Aarogyam A Plus Package | Thyrocare,₹ 1299 | ₹ 1039,,Source contains multiple price values
320,thyrocare-pro-series::aarogyam-b-plus-package,THYROCARE PRO SERIES,THYROCARE PRO SERIES.json,AAROGYAM B PLUS - PACKAGE,Aarogyam B Plus Package | Thyrocare,₹ 2299 | ₹ 1839,,Source contains multiple price values
321,thyrocare-pro-series::aarogyam-c-plus-package,THYROCARE PRO SERIES,THYROCARE PRO SERIES.json,AAROGYAM C PLUS PACKAGE,Aarogyam C Plus Package | Thyrocare,₹ 3299 | ₹ 2639,,Source contains multiple price values
322,thyrocare-pro-series::aarogyam-c-plus-with-ft3-ft4-package,THYROCARE PRO SERIES,THYROCARE PRO SERIES.json,AAROGYAM C PLUS WITH FT3 FT4 PACKAGE,Aarogyam C Plus with FT3 FT4 Package | Thyrocare,₹ 3699 | ₹ 2959,,Source contains multiple price values
323,thyrocare-pro-series::aarogyam-c-pro-including-crm-advanced-with-utsh,THYROCARE PRO SERIES,THYROCARE PRO SERIES.json,AAROGYAM C PRO INCLUDING CRM ADVANCED WITH UTSH,Aarogyam C Pro Including CRM Advanced with UTSH | Thyrocare,₹ 3599 | ₹ 2879,,Source contains multiple price values
324,thyrocare-pro-series::aarogyam-c-pro-including-crm-with-utsh,THYROCARE PRO SERIES,THYROCARE PRO SERIES.json,AAROGYAM C PRO INCLUDING CRM WITH UTSH,Aarogyam C Pro Including CRM with UTSH | Thyrocare,₹ 3399 | ₹ 2719,,Source contains multiple price values
325,thyrocare-pro-series::aarogyam-c-pro-with-ft3-ft4-package,THYROCARE PRO SERIES,THYROCARE PRO SERIES.json,AAROGYAM C PRO WITH FT3 FT4 PACKAGE,Aarogyam C Pro with FT3 FT4 Package | Thyrocare,₹ 3399 | ₹ 2179,,Source contains multiple price values
326,thyrocare-pro-series::aarogyam-c-pro-with-heart-attack-risk-package,THYROCARE PRO SERIES,THYROCARE PRO SERIES.json,AAROGYAM C PRO WITH HEART ATTACK RISK PACKAGE,Aarogyam C Pro with Heart Attack Risk Package | Thyrocare,₹ 3999 | ₹ 3199,,Source contains multiple price values
327,thyrocare-pro-series::aarogyam-d-plus-package,THYROCARE PRO SERIES,THYROCARE PRO SERIES.json,AAROGYAM D PLUS PACKAGE,Aarogyam D Plus Package | Thyrocare,₹ 4299 | ₹ 3439,,Source contains multiple price values
328,thyrocare-pro-series::aarogyam-e-plus-package,THYROCARE PRO SERIES,THYROCARE PRO SERIES.json,AAROGYAM E PLUS PACKAGE,Aarogyam E Plus Package | Thyrocare,₹ 5799 | ₹ 4639,,Source contains multiple price values
329,thyrocare-pro-series::aarogyam-f-plus-package,THYROCARE PRO SERIES,THYROCARE PRO SERIES.json,AAROGYAM F PLUS PACKAGE,Aarogyam F Plus Package | Thyrocare,₹ 7299 | ₹ 5839,,Source contains multiple price values
330,thyrocare-pro-series::aarogyam-monsoon-basic-package,THYROCARE PRO SERIES,THYROCARE PRO SERIES.json,AAROGYAM MONSOON BASIC PACKAGE,Aarogyam Monsoon Basic Package @ Rs. 1199 | Thyrocare,₹ 1270 | ₹ 1199,,Source contains multiple price values
331,thyrocare-pro-series::aarogyam-x-plus-package,THYROCARE PRO SERIES,THYROCARE PRO SERIES.json,AAROGYAM X PLUS PACKAGE,Aarogyam X Plus Package | Thyrocare,₹ 8799 | ₹ 7039,,Source contains multiple price values
332,thyrocare-pro-series::aarogyam-xl-plus-package,THYROCARE PRO SERIES,THYROCARE PRO SERIES.json,AAROGYAM XL PLUS PACKAGE,Aarogyam XL Plus Package | Thyrocare,₹ 10299 | ₹ 8239,,Source contains multiple price values
333,thyrocare-pro-series::b-cell-cd19-analysis,THYROCARE PRO SERIES,THYROCARE PRO SERIES.json,B-CELL (CD19) ANALYSIS,B Cell CD19 Analysis | Thyrocare,₹ 2000 | ₹ 1600,,Source contains multiple price values
334,thyrocare-pro-series::cardiac-package-1,THYROCARE PRO SERIES,THYROCARE PRO SERIES.json,CARDIAC PACKAGE 1,Cardiac Package 1 | Thyrocare,₹ 1935 | ₹ 1548,,Source contains multiple price values
335,thyrocare-pro-series::health-check-pro,THYROCARE PRO SERIES,THYROCARE PRO SERIES.json,HEALTH CHECK PRO,Health Check Pro | Thyrocare,₹ 1065 | ₹ 852,,Source contains multiple price values
336,thyrocare-pro-series::healthscreen-c-profile,THYROCARE PRO SERIES,THYROCARE PRO SERIES.json,HEALTHSCREEN C PROFILE,Healthscreen C Profile | Thyrocare,₹ 2254 | ₹ 1803,,Source contains multiple price values
337,thyrocare-pro-series::total-health-profile-plus,THYROCARE PRO SERIES,THYROCARE PRO SERIES.json,TOTAL HEALTH PROFILE PLUS,Total Health Profile Plus | Thyrocare,₹ 1880 | ₹ 1503,,Source contains multiple price values
338,thyroid-test-packages::utsh-lh-fsh-prl,THYROID TEST PACKAGES,THYROID TEST PACKAGES.json,UTSH-LH-FSH-PRL,TSH-LH-FSH-PRL Test | 4 Tests @ Rs. 1299 | Thyrocare,₹ 1562 | ₹ 1299,,Source contains multiple price values
339,thyroid-test-packages::jaanch-thyroid-profile-advanced,THYROID TEST PACKAGES,THYROID TEST PACKAGES.json,JAANCH THYROID PROFILE ADVANCED,,₹ 2799 | ₹ 1949,,Source contains multiple price values
340,thyroid-test-packages::jaanch-thyroid-profile-basic,THYROID TEST PACKAGES,THYROID TEST PACKAGES.json,JAANCH THYROID PROFILE BASIC,JAANCH Thyroid Profile Basic Price Rs. 549 | Thyrocare,₹ 1499 | ₹ 549,,Source contains multiple price values
341,thyroid-test-packages::thyroid-profile-advanced,THYROID TEST PACKAGES,THYROID TEST PACKAGES.json,THYROID PROFILE ADVANCED,Thyroid Profile Advanced Price Rs. 1899 | Thyrocare,₹ 2599 | ₹ 1899,,Source contains multiple price values
342,truhealth-packages::truhealth-youth,TRUHEALTH PACKAGES,TRUHEALTH PACKAGES.json,TRUHEALTH YOUTH,TruHealth Youth Preventive Health Package,₹ 6000 | ₹ 4000,,Source contains multiple price values
343,truhealth-packages::truhealth-master,TRUHEALTH PACKAGES,TRUHEALTH PACKAGES.json,TRUHEALTH MASTER,TruHealth Master | Metropolis,₹ 6750 | ₹ 4500,,Source contains multiple price values
344,truhealth-packages::truhealth-senior-women,TRUHEALTH PACKAGES,TRUHEALTH PACKAGES.json,TRUHEALTH SENIOR WOMEN,TruHealth Senior Women Preventive Health Check,₹ 7500 | ₹ 5000,,Source contains multiple price values
345,truhealth-packages::truhealth-active-male,TRUHEALTH PACKAGES,TRUHEALTH PACKAGES.json,TRUHEALTH ACTIVE (MALE),TruHealth Active Male Full Body Checkup @ Rs. 6500 | Metropolis,₹ 9750 | ₹ 6500,,Source contains multiple price values
346,truhealth-packages::truhealth-active-female,TRUHEALTH PACKAGES,TRUHEALTH PACKAGES.json,TRUHEALTH ACTIVE (FEMALE),TruHealth Active Female Full Body Checkup @ 6500/- | Metropolis,₹ 9750 | ₹ 6500,,Source contains multiple price values
347,truhealth-packages::truhealth-basic,TRUHEALTH PACKAGES,TRUHEALTH PACKAGES.json,TRUHEALTH BASIC,TruHealth Basic Preventive Health Check Package,₹ 1500 | ₹ 1000,,Source contains multiple price values
348,truhealth-packages::truhealth-essential,TRUHEALTH PACKAGES,TRUHEALTH PACKAGES.json,TRUHEALTH ESSENTIAL,TruHealth Essential Preventive Health Check,₹ 2550 | ₹ 1700,,Source contains multiple price values
349,tuberculosis-tb-test-packages::tb-whole-genome-sequencing,TUBERCULOSIS (TB) TEST PACKAGES,TUBERCULOSIS (TB) TEST PACKAGES.json,TB - WHOLE GENOME SEQUENCING,TB Whole Genome Sequencing @ Rs. 7499 | Thyrocare,₹ 8000 | ₹ 7499,,Source contains multiple price values
350,tuberculosis-tb-test-packages::quantiferon-tb-gold-plus,TUBERCULOSIS (TB) TEST PACKAGES,TUBERCULOSIS (TB) TEST PACKAGES.json,QUANTIFERON -TB GOLD PLUS,Quantiferon -TB Gold Plus Test @ Rs 2799 | Thyrocare,₹ 3199 | ₹ 2799,,Source contains multiple price values
351,tuberculosis-tb-test-packages::tbnk-cell-analysis-profile,TUBERCULOSIS (TB) TEST PACKAGES,TUBERCULOSIS (TB) TEST PACKAGES.json,TBNK CELL ANALYSIS PROFILE,TBNK Cell Analysis Profile | Thyrocare,₹ 2420 | ₹ 1936,,Source contains multiple price values
352,tumour-panel-test::jaanch-tumour-panel-male,TUMOUR PANEL TEST,TUMOUR PANEL TEST.json,JAANCH - TUMOUR PANEL MALE,Jaanch Tumour Panel Male | 7 Tests @ Rs.1949 | Thyrocare,₹ 3000 | ₹ 1949,,Source contains multiple price values
353,tumour-panel-test::jaanch-tumour-panel-female,TUMOUR PANEL TEST,TUMOUR PANEL TEST.json,JAANCH - TUMOUR PANEL FEMALE,Jaanch Tumour Panel Female | 6 Tests @ Rs.1949 | Thyrocare,₹ 3000 | ₹ 1949,,Source contains multiple price values
354,tumour-panel-test::jaanch-tumour-panel-advanced-female,TUMOUR PANEL TEST,TUMOUR PANEL TEST.json,JAANCH - TUMOUR PANEL ADVANCED FEMALE,Tumour Panel Advanced Female @ Rs. 3899 | Thyrocare,₹ 6999 | ₹ 3899,,Source contains multiple price values
355,vitamin-profile-packages::fat-soluble-vitamins-profile,VITAMIN PROFILE PACKAGES,VITAMIN PROFILE PACKAGES.json,FAT SOLUBLE VITAMINS PROFILE,Fat Soluble Vitamins Profile - 6 Tests @ Rs. 1799 | Thyrocare,₹ 2035 | ₹ 1799,,Source contains multiple price values
356,vitamin-profile-packages::vitamin-d-profile,VITAMIN PROFILE PACKAGES,VITAMIN PROFILE PACKAGES.json,VITAMIN D PROFILE,Vitamins D Profile | 3 Tests @ Rs. 1799 | Thyrocare,₹ 2299 | ₹ 1799,,Source contains multiple price values
357,vitamin-profile-packages::vitamin-b-complex-profile,VITAMIN PROFILE PACKAGES,VITAMIN PROFILE PACKAGES.json,VITAMIN B COMPLEX PROFILE,Vitamin B Complex Profile | 8 Tests @ Rs. 1699 | Thyrocare,₹ 1999 | ₹ 1599,,Source contains multiple price values
358,vitamin-profile-packages::complete-vitamins-profile,VITAMIN PROFILE PACKAGES,VITAMIN PROFILE PACKAGES.json,COMPLETE VITAMINS PROFILE,Complete Vitamins Profile | 14 Tests @ Rs. 2399 | Thyrocare,₹ 5599 | ₹ 2399,,Source contains multiple price values
359,vitamin-profile-packages::vitamins-minerals-profile,VITAMIN PROFILE PACKAGES,VITAMIN PROFILE PACKAGES.json,VITAMINS & MINERALS PROFILE,Complete Vitamins & Minerals Profile @ Rs. 2999 | Thyrocare,₹ 7100 | ₹ 3099,,Source contains multiple price values
360,vitamin-profile-packages::vitamin-profile,VITAMIN PROFILE PACKAGES,VITAMIN PROFILE PACKAGES.json,VITAMIN PROFILE,Vitamin Profile | 5 Test @ Rs. 1699 | Thyrocare,₹ 1750 | ₹ 1699,,Source contains multiple price values
361,vitamin-profile-packages::all-vitamins,VITAMIN PROFILE PACKAGES,VITAMIN PROFILE PACKAGES.json,ALL VITAMINS,All Vitamins Profile | 14 Tests @ Rs. 2399 | Thyrocare,₹ 2400 | ₹ 2399,,Source contains multiple price values
362,vitamin-test-packages::summer-wellness-with-vitamins-and-electrolytes,VITAMIN TEST PACKAGES,VITAMIN TEST PACKAGES.json,SUMMER WELLNESS WITH VITAMINS AND ELECTROLYTES,Summer Wellness With Vitamins & Electrolytes Rs.1499 | Thyrocare,₹ 1999 | ₹ 1499,,Source contains multiple price values
363,vitamin-test-packages::winter-wellness-package-with-vitamins,VITAMIN TEST PACKAGES,VITAMIN TEST PACKAGES.json,WINTER WELLNESS PACKAGE WITH VITAMINS,Winter Wellness Package with Vitamins | Thyrocare,₹ 2999 | ₹ 1999,,Source contains multiple price values
